idx,book_title,chapter_words,n_chunks,reference,flat_summary,hierarchical_summary,flat_rouge1,hier_rouge1,flat_rouge2,hier_rouge2,flat_rougeL,hier_rougeL,flat_entity_recall,hier_entity_recall
0,Tess of the D'Urbervilles,3920,6,"Angel arises at dawn; the neighboring cottager's wife knocks on the door, but he sends her away because her presence is awkward. Angel prepares breakfast, and the two behave civilly to one another, although the pair are ""but ashes of their former fires. Angel asks again if it is true, and he asks if the man is still in England. Tess says that he can get rid of her by divorcing her; her confession has given him adequate grounds for that. She tells him that she thought of putting an end to herself under the mistletoe, but did not because she felt it would cause scandal. Tess continues to do chores around the house for Angel while he visits a local miller, but he scolds her for behaving as a servant and not a wife. Tess breaks into tears, claiming that she had told him that she was not respectable enough to marry him, but he urged her. Her tears would have broken any man but Angel Clare, whose affection masks a hard, logical deposit like a vein of metal that blocks his acceptance of Tess as it blocked his acceptance of the Church. He tells her that it is not a question of respectability, but one of principle. Angel tells Tess that it is imperative that they should stay together to avoid scandal, but it is only for the sake of form. Angel tells Tess that he cannot live with Tess without despising himself and despising her. He considers what their possible children may think. She considers arguing that in Texas or Australia, nobody will know about her misfortunes, but she accepts the momentary sentiment as inevitable. Angel's love is doubtless ethereal to a fault, imaginative to impracticability. He orders her to go away from him, and she says that she can go home. She claims that she has convinced him and that she thinks it best.","The story of a newly-married couple who fall in love is told in the novel ""Tess of the D'Urbervilles"" The novel is about a young woman who falls in love with a man she once knew. The couple's love story is told through the eyes of the woman's daughter.","Clare arose in the light of a dawn that was ashy and furtive, as though associated with crime. He spoke gently to her, and she replied with a like undemonstrativeness. ""I should not have let it go on to marriage with you if I had not known that, after all, there was a last way out of it for you""",0.1447721179624665,0.17368421052631577,0.016172506738544475,0.005291005291005292,0.09115281501340483,0.08947368421052632,0.14285714285714285,0.0
1,Sense and Sensibility,2923,4,"The Palmers return to Cleveland. Sir John Middleton invites Anne and Lucy Steele, relatives of Mrs. Jennings from nearby Exeter, to Barton Park. He invites Elinor and Marianne to come to Barton Park to meet the Steeles. He praises each pair of sisters to the other pair, feeling sure that they will get along. Anne and Lucy make themselves agreeable to Lady Middleton by appearing to be fond of her children, however unpleasant their behavior is. During Elinor and Marianne's visit, Lucy goes to great lengths to make friends with them. Anne seems obsessed with eligible young men, or ""beaux. Elinor thinks that Anne has vulgar manners and that Lucy is pretty but shrewd. She does not wish to get to know either of them better. Sir John indiscreetly tells the Steeles that Marianne is soon to be married and that Elinor has an admirer called Mr. Ferrars. Anne declares that she and her sister know Mr. Ferrars very well, but Lucy immediately downplays their familiarity with him","Sir John Palmer invited two young ladies to visit his family at Barton Park, Cleveland, after their engagements at Exeter were over. The young ladies were cousins of Elinor Middleton's. Sir John promised them a day or two at the Park, and then left them in their indifference at their indifference.","Lady Middleton saw with maternal complacency all the impertinent encroachments and mischievous tricks to which her cousins submitted. Elinor and Marianne were friends, but Sir John thought they should be more intimate. He made the Miss Steeles acquainted with whatever he knew or supposed of his cousins' situations in the most delicate particulars.",0.21719457013574664,0.21621621621621623,0.0273972602739726,0.03636363636363636,0.12669683257918551,0.13513513513513514,0.375,0.25
2,The Red and the Black,2554,4,"Julien asks for a three-day leave from his boss so he can go visit his friend Fouqe. While leaving, he meets with Madame outside the house. She acts coldly toward him and his pride makes him angry with her. She backs down and gets scared that he'll stop loving her. That afternoon, Madame cries at the thought of Julien leaving. She excuses herself from her cousin and goes to cry in bed. Meanwhile, Julien sets off for his friend's house. On the way, he stops on a mountain and writes out his deepest thoughts. He feels completely free and decides to spend the night sleeping on the mountain. When he reaches his destination, his buddy Fouqe offers him a good job as his partner in the timber business. Julien doesn't like the offer because he's afraid it will seduce him away from his ambitions. Julien turns down the offer. Fouqe thinks he's crazy to turn down such a good deal. But there you have it.","Madame de Renal kept Julien waiting for a long time in the garden. Herhabitual pallor had been succeeded by more lively hues. This woman,simple as she was, was manifestly agitated. A sentiment of constraint, even of anger, altered that expression of profound serenity.","Madame de Renal kept Julien waiting for a long time in the garden. Her habitual pallor had been succeeded by more lively hues. Julien was astonished at the icy coldness which she endeavoured to manifest to him. ""That's what women are,"" repeated M. deRenal, ""there is always something out of order in those complicated women""",0.10232558139534884,0.17621145374449337,0.018779342723004695,0.026666666666666665,0.06511627906976744,0.11453744493392069,0.3333333333333333,0.3333333333333333
3,The Picture of Dorian Gray,2819,4,"The next night, Henry and Basil get to the restaurant before Dorian, and they take advantage of the opportunity to discuss Dorian's sudden engagement. Basil doesn't approve, but Henry looks at it lightly as a part of his experiment. He hopes that marriage won't ruin Dorian, and that the boy will marry Sibyl, love her madly for a little while, and move on. Dorian shows up in the middle of this heated discussion. He's in a jolly mood, and he recounts the story of his engagement to Sibyl. The night before, Dorian watched Sibyl perform in As You Like It, and was overwhelmed by his adoration for her. Backstage after the show, they kissed and exchanged vows of love. Back to the present--Basil is slowly won over by this story, convinced that Dorian really is in love with the girl. Henry is still incredulous and, as usual, expresses his cynical viewpoint. Dorian laughs Henry off, saying that being with Sibyl undoes everything Henry's done to him--she makes him forget all of Henry's ""poisonous"" theories about life and love. Henry goes off on another of his philosophical binges, this time about goodness, morality, and women. He basically thinks that everyone should just be concerned with themselves and their own pleasures. Basil and Dorian disagree, but Henry persists in putting forth his ideas. Oh yeah, and he also thinks that women are pretty worthless--in his estimation, they're always hanging on to men, preventing them from attaining greatness. Dorian promises that Henry will feel different about all of this once he's seen Sibyl Vane. Henry demurs, admitting that it's possible that he'll be really taken with her. They leave in Henry's carriage, and poor Basil has to follow in a cab. During his solitary ride, Basil is saddened by the feeling that Dorian is lost to him forever--the marriage will drive them apart. However, he reasons, it's better than some things that could have happened to his young friend...","""Dorian Gray is engaged to be married,"" said Lord Henry. ""Impossible!"" said Hallward. ""I don't want to see Dorian tied to some vile creature, who might degrade his nature and ruin his intellect"" ""I hope that Dorian will make this girl his wife, and then suddenly becomefascinated by some one else""","""Dorian Gray is engaged to be married,"" said Lord Henry, watching him as he spoke. ""Impossible!"" he cried. ""It is perfectly true."" ""To whom?""  ""To some little actress or other"" ""I can't believe it. Dorian is far too sensible""",0.11167512690355329,0.0994764397905759,0.005102040816326531,0.005263157894736842,0.08629441624365482,0.06806282722513088,0.2222222222222222,0.1111111111111111
4,The Brothers Karamazov,4389,6,"Snegiryov then starts rambling on to Alyosha about the back-story behind his dispute with Dmitri. He had been some kind of servant to Dmitri but had cheated him on Grushenka's and Fyodor's orders. On discovering this, Dmitri had turned him out of the tavern by his beard, mockingly called the ""whiskbroom,"" in front of his own son and the other children. His son continues to be mocked by the children and is constantly getting into fights with them even though he's frail. Alyosha then offers him the 200 roubles. Snegiryov seems genuinely grateful and goes on about all the wonderful things he can do for his family. But all of a sudden, Snegiryov's mood seems to change. He flings the roubles on the ground and announces that his honor can't be bought. But as he runs away, he also asks Alyosha what his son would say if he knew that he had accepted money from a Karamazov.","""I too have something important to say to you,"" observed Alyosha, ""only I don't know how to begin"" ""To be sure you must have business with me. You would never have looked in upon me without some object,"" replied the captain. ""And, by the way, about the boy: I could not explain to you in there, but here I will describe that scene to you""","""I too have something important to say to you,"" observed Alyosha, ""only I don't know how to begin"" ""Your brother Dmitri Fyodorovitch was pulling me by my beard, I'd done nothing, he was in a towering rage and happened to come upon me"" ""I would advise you not to send him to school""",0.17467248908296942,0.14678899082568808,0.02643171806167401,0.0,0.11353711790393012,0.10091743119266054,0.16666666666666666,0.3333333333333333
5,Lord Jim,4328,6,"At this point, Marlow interrupts his narrative in order to introduce us to the incredible person of Doramin, the longtime friend of Stein. Doramin, Marlow says, was remarkable. He was an imposing, monumental hulk of a man, with proud, staring eyes. In contrast, his wife was light, delicate, quick, and a little witchlike, despite the fact that she was always fussing over him. Their only son, Dain Waris, was Jim's best friend. He was married at eighteen and was now twenty-five. He was attentive and deeply respectful of his parents, and he loved Jim and trusted him implicitly and without reservation. Because of their deep, warm, war-comrade sort of friendship, each of the men, Marlow says, was a ""captive"" of the other, just as Marlow observed earlier that Jim was a ""captive"" of Patusan. These, then, were Jim's most trusted allies, those to whom he would owe complete allegiance when he initiated his plan to bring peace to Patusan. He had no other choice than to try and bring peace to the island, he told Marlow; in fact, he felt compelled to try and bring peace to the island. ""It seemed to come to me. All at once I saw what I had to do."" Everywhere that Jim looked, he saw fear. He realized that he would have to do something dramatic and daring in order to control both Rajah Allang and Sherif Ali. In a moment of almost mystical vision, Jim realized that he had ""the power to make peace""; that was to be his purpose in Patusan. His plan was bold and audacious, but he believed that he could persuade enough of the natives who supported Doramin to help him destroy Sherif Ali's stockade. Not surprisingly, Dain Waris was the first native to support Jim's plan. First, two old and rusty ""seven-pound brass cannons"" had to be hauled by ingenious means up one of the mountains. From that vantage point, Jim could blow up Sherif Ali's camp on the other mountain, and then a large group of men would storm through the remains of Sherif Ali's camp. The men worked all night long in a superhuman effort to pull the enormously heavy cannons up the mountain, the noses of them ""tearing slowly through the bushes, like a wild pig rooting its way in the undergrowth."" Sherif Ali watched Jim and the natives and thought that they were idiotic. But old Doramin was so fascinated by Jim's plan that he had himself carried up the hill in his armchair so that he could watch. Jim figured that if his plan didn't work, Doramin had decided that he wanted to die on the mountain. Nobody, Jim says, truly believed that his plan would work -- except Jim himself. Marlow says that after Jim's dramatically successful rout of Sherif Ali, he became a legend in Patusan; the natives believed that he had supernatural powers. Stories were told about Jim's literally carrying the enormous brass cannons up the mountain on his back. Jim laughed a ""Homeric peal of laughter"" when he related this tale to Marlow. Speaking of the enormous explosion, he said, ""You should have seen the splinters fly."" Jim and Dain Waris were the first ones to invade the stockade, which was built so flimsily that it almost fell down before them. Instantly, Dain Waris saved Jim's life from the spear of a ""pockmarked tattooed native."" The third man into the ruins of the stockade was young Tamb' Itam, and from that moment on, Tamb' Itam became inseparable from Jim. Symbolically, he would follow Jim everywhere, like, Marlow says, ""a morose shadow of darkness."" Very soon, Jim made him ""headman,"" and all Patusan respected him and accepted him as a man of much influence. The rout was complete, but afterwards, it was, Jim said, ""an awful responsibility,"" for when success came, Jim realized almost instantly that his soul had been absorbed ""into the innermost life of the people."" He was the epitome of a hero to the Patusan people. He had their ""blind trust."" They were totally dependent on him. Their dependence was Jim's total responsibility. Jim was suddenly granted power. Thus, it was no wonder that Jim told Marlow that he had a sudden, jarring sense of isolation and loneliness. He had become ""an exceptional man."" Every word that he spoke was ""the one truth of every passing day."" From now on, the natives would look to Jim for Truth.","Doramin Waris was one of the most remarkable men of his race I had ever seen. His bulk for a Malay was immense, but he did not look merely fat. His motionless body, clad in rich stuffs, gold embroideries, made a whole that, once seen, can never be forgotten.","'Doramin was one of the most remarkable men of his race I had ever seen' 'His bulk for a Malay was immense, but he did not look merely fat; he looked imposing, monumental' 'He was never known to raise his voice. It was a hoarse and powerful murmur' 'It thrilled me to see him there--like a rock'",0.07213930348258706,0.09594095940959409,0.014962593516209476,0.02712700369913687,0.04975124378109453,0.06396063960639606,0.045454545454545456,0.0
6,Sense and Sensibility,2474,4,"Sir John and Lady Middleton are expected in town in just a short time; Marianne continues to look forward to seeing Willoughby, and Elinor finds her greatest enjoyment in Colonel Brandon's daily visits. They return one day to find Willoughby's card, which gives Marianne great pleasure that he is in town and managed to drop by. Elinor still has not managed to find out if Marianne and Willoughby are engaged; she is much disturbed when Colonel Brandon approaches her and tells her that their engagement is widely known throughout town, though Elinor does not know of it. Elinor says that she is sure of their mutual affections, but when Colonel Brandon says that Willoughby should try to deserve Marianne, Elinor's doubts about Willoughby's character and intentions resurface.","Marianne was in good spirits when she arrived in Barton. Elinor was alternately diverted and pained, but Marianne persevered. She saw every night in the brightness of the fire, and every morning in the appearance of the atmosphere the certain symptoms of approaching frost.","Marianne was happy in the mildness of the weather, and still happier in her expectation of a frost. Elinor was alternately diverted and pained; but Marianne persevered. The Miss Dashwoods had no greater reason to be dissatisfied with Mrs. Jennings's style of living, and set of acquaintance.",0.1714285714285714,0.1787709497206704,0.0,0.0,0.10285714285714286,0.12290502793296089,0.09090909090909091,0.09090909090909091
7,The Brothers Karamazov,3469,5,"After the guests leave, Alyosha accompanies the feeble Zosima to his cell. There, Zosima tells Alyosha that he will have to leave the monastery and endure life out in the real world before he returns to the monastery. Zosima tells Alyosha to ""seek happiness in sorrow"" and then to leave his cell to join his brothers. Outside Alyosha encounters Rakitin, another novice. Rakitin is a cynical type, and interprets Zosima's bow to Dmitri as a fake prediction of a crime that's about to be committed in the Karamazov family. Alyosha is shocked, but Rakitin thinks it's obvious that the Karamazovs are all headed toward some awful deed. According to Rakitin, Dmitri will do anything for Grushenka, the woman he's having an affair with. But Fyodor also has the hots for Grushenka. Meanwhile, Ivan is circling over Katerina, Dmitri's wealthy and dignified fiancee. Rakitin has the inside scoop because he's Grushenka's confidante, but Alyosha suggests that Rakitin is also in love with Katerina. Just then, Rakitin points out that Fyodor is running out of the Father Superior's quarters, followed by Ivan, Miusov, and the landowner Maximov. Fyodor and Father Isidore are shouting at each other.","Alyosha was sent to serve at the Father Superior's dinner. Father Zossima told him to leave the monastery. Alyosha had a great longing to remain. He longed to ask the significance of his bowing to Dmitri, but he dared not ask.","Father Zossima told Alyosha not to weep, and to leave the monastery. ""What does that vision mean? That's what I want to ask you?"" ""That bowing to your brother, Dmitri?"" ""I don't know what that means."" ""To my thinking the old man really has a keen nose; he sniffed a crime. Your house stinks of it""",0.19672131147540983,0.19230769230769232,0.05785123966942149,0.03875968992248062,0.12295081967213115,0.12307692307692307,0.16666666666666666,0.1111111111111111
8,Uncle Vanya,4803,7,"In the daytime, Vanya, Sonya, and Yelena are gathered in the drawing room, waiting for Serebryakov, who has an announcement for them. Yelena says she's bored, and Sonya insists that she just needs something to keep herself busy because she's infecting everyone with her laziness. Vanya leaves and Sonya tells Yelena that she's dying of love for Astrov. Yelena promises to talk to him and find out if he feels the same way. Yelena says that it will be better to be certain, though Sonya isn't sure. She thinks that with uncertainty she at least still has hope. When Yelena approaches Astrov about Sonya, however, he just starts talking about the decay of society and civilization. Yelena finally gets her chance to ask Astrov about Sonya, and when he confirms that he doesn't love her, Yelena asks him to stop coming around so that he won't torture the poor girl anymore. Astrov misunderstands Yelena's intentions and thinks that she is the one who has a crush on him. He tries to kiss her, and just then Vanya walks in with a bouquet of flowers and sees Yelena struggling. The plot thickens. Yelena asks Vanya to help her get out of the country house. She wants to leave that very day. Finally, Serebryakov shows up to make his announcement. As his speech begins, Sonya can tell by Yelena's actions that Astrov doesn't love her. Serebryakov reveals that he's in financial doo doo. He doesn't have enough money to live in the city, but he hates living in the country. So he's going to sell the estate and move to Finland. Vanya is pretty ticked off at this proposal since he, his mother, and his niece, Sonya, won't have anywhere to go. He explains that the estate had belonged to his sister, and that he gave up his own inheritance to buy it for her. Now that he's worked for years keeping it running, his former brother-in-law wants to sell it out from under him. The family meeting turns into a shouting match, with Vanya and Yelena as the main maniacs. Sonya begs her father to have mercy on Vanya, reminding him that she, her uncle, and her grandmother worked their whole lives for him without asking for anything in return. Serebryakov goes offstage and a shot is fired. He comes back in, and Vanya shoots at him one more time. He misses both times, and gives up on his mission.","HELENA and SONIA are sitting in the drawing-room of SEREBRAKOFF'S house. VOITSKI asks HELENA if she would help run the place, teach the children, care for the sick, and so on. She says she feels miserable and restless, and can't seem to fit into this life.","Ivan Vitsky: For twenty-five years I have managed this place, and have sent you the returns from it like the most honest of servants. Alexander Vatanka: ""I realise that the time has come for me to dispose of my property"" ""I cannot continue to live in the country; we were not made for country life,"" he says.",0.13080168776371306,0.11180124223602482,0.01694915254237288,0.020790020790020795,0.08016877637130802,0.07453416149068323,0.0,0.0
9,The Brothers Karamazov,2641,4,"Outside, Kolya and Alyosha get to know each other. At first Kolya tries to impress Alyosha with his knowledge - disparaging religion and championing socialism, among other things. Frustrated, he asks Alyosha if he despises him, a question that surprises Alyosha. Alyosha quickly reassures Kolya. Kolya is won over by his frankness and lack of condescension. He opens up to Alyosha and confesses that he knows he suffers from vanity. Alyosha tells Kolya that he shouldn't be so worried about appearing ridiculous, and they both declare their friendship. Their conversation is cut short when the famous doctor emerges from the room.","""Ilusha is dying. I think that's certain,"" answered Alyosha, mournfully. Kolya had a great inclination to say something even warmer and more demonstrative, but he felt ill at ease. ""I've long learned to respect you as a rare person,"" he muttered.","""Ilusha is dying. I am glad to have made your acquaintance, though, Karamazov. I wanted to know you for a long time"" ""I've long learned to respect you as a rare person,"" Kolya muttered. ""Oh, how I love you and admire you at this moment just because you are rather ashamed! Because you are just like me""",0.1527777777777778,0.11320754716981131,0.0,0.012738853503184712,0.09722222222222222,0.07547169811320754,0.5,0.5
10,Far from the Madding Crowd,2020,3,"When Boldwood finally called on her, Bathsheba was not in. He had forgotten that, being a serious farmer, she might well need to be out-of-doors. Having put her on a pedestal, he found it difficult to see in her an everyday individual like himself. Their relationship was one of ""visual familiarity, oral strangeness. The smaller human elements were kept out of sight; the pettinesses that enter so largely into all earthly living and doing were disguised by the accident of lover and loved one not being on visiting terms."" Boldwood resolved to find her. The sheep-washing pool in the blossoming meadow, full of the clearest water, made a pretty spectacle. Several farmhands stood there with Bathsheba, who was in an elegant new riding habit. Two men pushed the sheep into the pool, then Gabriel pushed them under as they swam and, as the heavy wool became saturated, hauled them out with a crutchlike device. Bathsheba bade Boldwood a constrained good-day, momentarily thinking he had come to watch the washing. She withdrew, but he followed her. She sensed his silent emotion. Then, without preamble, he proposed. He stated his age, his background, and declared his need of her. Very formally, Bathsheba declined. He continued, regretting his inarticulateness, and said he would not have spoken, had he not hope. ""You are too dignified for me to suit you sir,"" she said, and blurted out apologies for thoughtlessly sending the valentine. He insisted, however, that it was not thoughtlessness but instinct that promoted it. Again he entreated, until she begged him to stop, asking for time. ""Then she turned away. Boldwood dropped his gaze to the ground, and stood long like a man who did not know where he was. Realities then returned to him like the pain of a wound received in an excitement which eclipses it, and he, too, then went on.""","Boldwood had forgotten the accidents of her position as an agriculturist. The sheep-washing pool was a perfectly circular basin of brickwork in the meadows, full of the clearest water. To birds on the wing its glassy surface, reflecting the light sky, must have been visible for miles around.","Boldwood had forgotten the accidents of her position as an agriculturist. Her probable whereabouts was out-of-doors at this time of the year. She was not at home. ""Of course not,"" he murmured. ""Miss Everdene!"" said the farmer. His tone was so utterly removed from all she had expected as a beginning.",0.15384615384615385,0.1793478260869565,0.05524861878453039,0.03278688524590164,0.11538461538461539,0.10869565217391304,0.0,0.0
11,Sense and Sensibility,1670,3,"Elinor is surprised to hear that Marianne has accepted the gift of a horse from Willoughby. Elinor thinks it improper to accept such a present from a man of whom she knows little, but Marianne insists that she knows him intimately in spite of their short acquaintance. Marianne does give way, however, on the issue of the expense to her family, and agrees to decline the gift. Marianne and Willoughby seem so close that even Elinor believes they must be secretly engaged. Margaret tells Elinor that Willoughby begged a lock of Marianne's hair, which she granted. Margaret indiscreetly reveals to Mrs. Jennings that Elinor likes a young man, though she refuses to say who it is. Elinor is mortified","Elinor and Marianne were walking together the next morning. Marianne told her that Willoughby had given her a horse. Elinor then began to doubt the propriety of her receiving such a present from a man so little, or at least so lately known to her.","Marianne told her sister that Willoughby had given her a horse, one that he had bred himself on his estate in Somersetshire. Elinor then ventured to doubt the propriety of her receiving such a present from a man so little. Marianne replied that she was guilty of greater impropriety in accepting a horse from her brother, than from her sister.",0.2787878787878788,0.3,0.09815950920245399,0.10112359550561799,0.19393939393939394,0.18888888888888886,0.4,0.2
12,The Picture of Dorian Gray,10520,14,"The preface is a collection of free-standing statements that form a manifesto about the purpose of art, the role of the artist, and the value of beauty. Signed by Oscar Wilde, the preface serves as a primer for how Wilde intends the novel to be read. He defines the artist as ""the creator of beautiful things,"" and the critic as ""he who can translate into another manner or new material his impression of beautiful things."" He condemns anyone who finds ugliness where there is beauty as ""corrupt."" He states that a book can be neither moral or immoral, and that morality itself serves only as ""part of the subject matter"" of art. Since art exists solely to communicate beauty, Wilde warns against reading too much into any work of art: ""Those who go beneath the surface do so at their peril."" The preface ends with the whimsical statement that ""All art is quite useless""; earlier, however, we are told that the ""only excuse for making a useless thing is that one admires it intensely."" Chapter 1 opens with a description of Basil Hallward, a respected but reclusive painter, who is entertaining his friend, Lord Henry Wotton. It is a beautiful spring day. Lord Henry admires Basil's latest work-in-progress, a full-length portrait of a beautiful young man, and urges him to show it at a gallery. Basil says that he never will because he has ""put too much of myself into it."" Lord Henry laughs at him, mistaking his meaning, and says that the painter is nothing like the boy in the picture. In the following discussion, it becomes clear that Lord Henry often speaks in elaborate, cynical, even paradoxical aphorisms, while Basil is a simpler man with more purely romantic values. Basil clarifies his earlier statement by saying that ""every portrait that is painted with feeling is a portrait of the artist, not of the sitter."" The discussion turns towards the sitter, whom Basil describes as a delightfully pure and naive young man named Dorian Gray. Lord Henry insists on meeting the man, but Basil refuses. He wants to protect the boy's innocent purity from Lord Henry's cynical, sensualist influence. It becomes clear that Basil has very strong feelings for Dorian, bordering on adulation. To Basil's chagrin, the butler announces Dorian's unexpected arrival, and the artist implores of Lord Henry: ""He has a simple and a beautiful nature...Don't spoil him...Don't take away from me the one person who gives my art whatever charm it posseses."" Lord Henry and Dorian are introduced, and begin talking as Basil prepares his paints and brushes. Henry is immediately taken by the boy's charm and good looks, and Dorian is quickly impressed with Henry's conversational acumen and firmly unorthodox views of morality. Controlling his jealousy, Basil asks Henry to leave so that Dorian can pose for the picture in peace. Dorian insists that Henry stay, Basil relents, and Henry continues to dazzle the model with an impromtu lecture on how people ought to be less inhibited so that one might ""realise one's nature perfectly."" As he paints, Basil notes that ""a look had come into the lad's face that he had never seen before."" It is this look of revelation that the artist captures in his painting. Lord Henry's lecture makes Dorian feel that ""entirly fresh influences were at work within him,"" and he marvels that ""mere words"" could have this effect. Lord Henry sees clearly the effect that he has on Dorian, and is proud of it. Dorian and his new friend adjourn to the garden as Basil puts the finishing touches on his work. In the garden, Henry tells the boy that ""Nothing can cure the soul but the senses, just as nothing can cure the senses but the soul,"" and that he has ""the most marvellous youth, and youth is the one thing worth having."" The conversation then turns towards beauty, and Henry asserts that it has ""the divine right of soverignity,"" that beauty gives power to those who have it, and that nothing in the world is greater. He warns Dorian that his beauty will someday fade, a prospect that horrifies the impressionable young man. Basil then informs the pair that the painting is complete. Upon seeing the painting, Dorian is overwhelmed with joy and wonder at its beauty. It is his first unabashed immersion into vanity. As soon as he thinks of how precious his beauty is, however, he remembers Lord Henry's statement about the fleetingness of youth and flies into a fit, becoming enraged at the portrait because it will always retain its beauty, while he is destined to grow old. In a fit of passion, he thinks, ""If only it were the other way! If only it were I who was to be always young, and the picture was to grow old! For that...I would give my soul for that!"" Seeing Dorian's distress, Basil grabs a knife and moves to destroy the painting. Dorian stops him, saying that it would be murder, and that he is in love with the work. Basil promises to give the picture to Dorian as a gift, and tells him that it will be delivered to him as soon as it is dried and lacquered. Lord Henry is fascinated by Dorian's behavior, and the two make plans to go to the theater together that night. Basil objects, and asks Dorian to dine with him instead. Dorian declines and leaves with Lord Henry, saying that he will call on Basil tomorrow.",Lord Henry Wotton met the painter Basil Hallward in his studio. Hallward had painted a full-length portrait of a young man of extraordinary personal beauty. Lord Henry asked Hallward if he would exhibit the work at the Grosvenor Gallery in London. The painter said he would not send it there.,"Basil Hallward was painting a full-length portrait of a young man of extraordinary personal beauty. Lord Henry Wotton asked why he would not exhibit Dorian Gray's portrait. The artist replied that he was not like the man in the portrait. ""An artist should create beautiful things, but should put nothing of his own life into them""",0.07878787878787878,0.09027081243731194,0.02834008097165992,0.034170854271356785,0.052525252525252523,0.06018054162487462,0.23529411764705882,0.23529411764705882
13,The Autobiography of an Ex-Colored Man,9043,11,"The next morning, the narrator alights in Jacksonville, tired and achy from his train journey. He asks a kind-looking man whom he assumes to be a preacher for lodging recommendations. The preacher tells the narrator where to go and the narrator finds the the accommodations ""neat and not uncomfortable"". At the breakfast table, he meets his fellow boarders and learns that they are all cigar makers. The landlords are Cuban, and there are several black boarders, but they all speak Spanish, leaving the narrator unable to understand their conversations. Nevertheless, he does enjoy listening to his companions argue animatedly, gesticulating wildly. The landlords inform the narrator that the winter hotels will not open for two months and suggest that he get a job as a ""stripper"", someone who strips the the leaves of tobacco from their stems in the cigar factory. The narrator is energized by this new prospect because he will be able to overcome his financial troubles and is generally ""eager and curious over the new experience"". After speaking with his well-educated and intelligent Cuban landlord at the table for some time, he goes to bed excited for his new job. The narrator quickly becomes the fastest stripper at the factory and takes on a few young African American pupils for music lessons at night. He picks up Spanish and learns that he has a gift for languages as well as music. He is soon is selected to be a ""reader"" in the cigar factory, which is a coveted and respectable position in factories with Spanish-speaking employees. The reader sits on a stool in the middle of the factory and reads from the Spanish papers, works of literature, etc. Readers are always highly intelligent and are well respected by their co-workers, and the narrator is honored to take on this new role and leave the tedious job of cigar-rolling behind. Soon, the narrator is making enough money that he gives up teaching his sporadic music lessons, but he keeps his rented piano. The narrator takes this opportunity to ruminate on the race question, as he feels that his new life in Jacksonville has given him his first major initiation into ""the freemasonry of the race"". He observes that the black man does struggle, though passively, against the race divide in America. He believes that the ""Negro question"" is ever-present, and finds it puzzling how obsessed white men are with the race question. If ""colored"" men see the world through the lens of their race, white men seem to do so as well. He feels it a shame that white men, descended from ""the great historic Americans from Washington to Lincoln... are now forced to use up energies in a conflict as lamentable as it is violent."" The narrator then divides ""colored"" people into three categories. The first category is the ""desperate class"", which includes ex-convicts, drunks, and loafers. They are full of rage and hate white people, who in turn are afraid of them. While small in number, the narrator thinks these ""desperates"" give the race a bad reputation. The second class is made up of domestic servants, who are generally ""simple, kind-hearted, and faithful""; they tend to love and respect their white employers who, in turn, become fond of them. The third class is the most complex, and is made up of well-to-do and educated African-Americans. They are almost solely concerned with the race question. White people are suspicious of them. When ""colored"" people are ambitious and successful, their white neighbors often think they are putting on airs. While educated ""colored"" people may feel some kinship with white Americans, they also feel the brunt of prejudice and discrimination, which inspires resentment. However, the narrator makes it a point to note that this class of ""colored"" people joyfully engages in American social gatherings, like dances and society dinners, even though they are segregated from their lighter-skinned counterparts. While there are not too many of this third, educated class of ""colored"" people in Jacksonville, the narrator notes, he finds the few that are there and joins a literary society. His also enjoys spending time with his co-workers and, like them, starts becoming careless with his money - indulging himself in public balls and weekend excursions. He eventually abandons the idea of going back to Atlanta University. At one of the public balls he attends, the narrator encounters the young Pullman porter who brought him down to Jacksonville. Curiously, the porter is wearing a tie very similar to the one that was stolen from the narrator's trunk in the Atlanta boarding house along with all his money. The narrator decides not to vocalize his suspicion. At another public ball, the narrator observes the ""cake-walk"" for the first time. Couples dance elegantly in front of judges, who eliminate the teams one by one based on their skill and performance. The last couple standing receives a ""highly-decorated cake"" as a prize. The narrator is bemused that some ""colored"" people are ashamed of the cake-walk, because he considers it an important ritual, and a major contribution to American culture. He claims that ""some Parisian critics pronounce an acme of poetic motion"" . Meanwhile, the narrator is happy with his life and is toying with idea of marrying a girl in Jacksonville when he learns that the cigar factory is closing down. He spontaneously decides to move to New York with a few of his ex-colleagues, who think they will able to find more work up north. Steaming into the New York Harbor, the narrator waxes poetic on the beauty, glamour, and brutality of the ""fatally fascinating"" city. He falls under its spell almost immediately. When the narrator and his companions arrive, they go to a lodging house on 27th street and 6th Avenue. That evening, they meet some acquaintances who take them to a house which has been converted into a bar. The party is loud and the narrator marvels at how the men call each other ""nigger"" in a casual way, as a substitute for ""fellow"". He observes a poker game and then a boisterous game of craps. He joins the craps table and immediately experiences a hot winning streak, capturing the attention of everyone in the bar. He is energized by the experience, reveling in his fellow players' envy. He is fully seduced by the rush of gambling. While observing the men around him who have not been so lucky, however, the narrator alludes to a future phase of his life in which he becomes an inveterate gambler. Leaving the party, the narrator is too excited to go to sleep, so he and his friends go to a place called ""The Club"". It is also a three-story home, this time with a Chop Suey restaurant in the basement. Inside, the narrator describes the clink of glasses and laughter; the place is alive and full of ""brilliancy"". The group orders drinks and listens to the piano player. The narrator has never heard ragtime music before, as it has just started to become popular in New York. He is transfixed by the pianist's dexterity, and the music inspires a physical response in him. He notes that ragtime music is so influential that white men often copy the improvisations, publish them, and collect small fortunes because of their popularity. The narrator includes an aside on the merits of popular music, which some cultural elites deplore but which he claims has the seeds of greatness and universal appeal. After the ragtime piano-player finishes his tune, the narrator makes a point to speak to him and is surprised that the man has had no formal training. He wonders if the man would have been a musical genius if he had been trained, but supposes that such an innovator would have difficulty excelling as an ""imitator of the great masters"" . By the time the narrator and his friends stumble home and go to bed, daylight is breaking.","When I arrived in Jacksonville, I asked a colored man if he could direct me to a boarding-house for colored people. He said that if I walked along with him in the direction he was going, he would show me such a place. I thanked him for his trouble, and after he had urged upon,                me to attend his church, he went on his way.","The next morning I got out of the car at Jacksonville with a stiff and aching body. I determined to ask no more porters, not even my benefactor, about stopping-places. The rapidity and ease with which I acquired Spanish astonished my associates. After I had been in the factory a little over a year, I was repaid for all the effort I had put forth to learn Spanish by being selected as ""reader""",0.06263345195729537,0.056617126680820945,0.014255167498218103,0.009922041105598866,0.04128113879003559,0.035385704175513094,0.043478260869565216,0.08695652173913043
14,Sense and Sensibility,1504,2,"It is painful to Elinor that Edward is so obviously unhappy, and doesn't show the same affection for her he once did; she is confused by his mixed signals and alternation of happy and dejected spirits. They discuss the countryside, which Edward admires, but cannot appreciate as Marianne does, with such romantic conviction. Then, Marianne notices a ring Edward is wearing, with a lock of hair in it; she asks if it is the hair of Edward's sister, making him blush. Marianne and Elinor see that the hair looks exactly like Elinor's, but Elinor is puzzled since she never gave him any of her hair. Mrs. Jennings and Sir John come by to meet Edward, and decide that he must be the Mr. F. that Margaret hinted about. They are invited for tea and dinner at Barton Park, and of course accept the invitations. Sir John mentions Willoughby, and Edward manages to find out that Marianne likes him, although there is little discussion of him.","Elinor saw, with great uneasiness, the low spirits of her friend. Edward's visit afforded her but a very partial satisfaction, while his own enjoyment in it appeared so imperfect. He joined her and Marianne in the breakfast-room the next morning.","Elinor saw, with great uneasiness the low spirits of her friend. His visit afforded her but a very partial satisfaction, while his own enjoyment in it appeared so imperfect. He joined her and Marianne in the breakfast-room the next morning before the others were down.",0.19047619047619047,0.17757009345794392,0.028846153846153844,0.018867924528301886,0.1142857142857143,0.11214953271028034,0.09090909090909091,0.09090909090909091
15,The Brothers Karamazov,6242,8,"As the title of the chapter suggests, there's precious little action going on here. Instead, the novel lets Zosima gets a couple of things off his chest before he dies. We'll give you the broad outlines of his talks here. In this section, Zosima asserts that the Russian monk has an important role in the world, despite living in isolation from his fellow man. According to Zosima, it's really everyone else who is isolated: because people are so caught up in worldly desires, they have no interest in making real connections with other people. The modern world of reason and science hasn't freed humankind; it has enslaved them to material things, the desire for wealth and earthly power. Through a life of humble prayer, the Russian monk is freed from these material needs. Consequently, he can show others the way to true freedom through leading an exemplary life. Moreover, the Russian monk has an intimate connection to the Russian people, who are fundamentally a religious people. Here, Zosima insists that ""quality is only in man's spiritual dignity,"" and not in superficial distinctions in class. Thus masters and servants ought to be brothers in spirit. Case in point, he tells the story of meeting up with Afanasy, the servant he brutally slapped while he was an officer in St. Petersburg, eight years after he left to become a monk. Afanasy warmly welcomes Zosima into his home and even donates money to Zosima for his mission. In this section Zosima talks about how prayer is essentially like the 19th century version of Twitter: you can pray for anyone, at any time, even if you don't know them. Conversely, someone out there is comforted by the thought that someone is praying for them, even if they don't know who it is. This sense of being connected to everyone in the earthly realm leads to a feeling of connection to the heavenly realm, to God and his higher truth. Zosima here insists that man cannot judge or be judged by other men because everyone is guilty. It's only by recognizing how guilty we all are that true universal love becomes possible. Zosima exhorts his followers to embrace the ecstasy of loving God, even to the point of throwing themselves onto the earth and kissing it. Zosima muses that the best part of hell may be physical suffering, because burning in the fires of hell would take your mind off the even greater torment of your spiritual pain, the pain of being without love. But perhaps in sensing this deeper spiritual pain, the condemned would at least have some ""image"" of what love is like, an image they may not have had access to when they were being distracted by worldly pleasures. Even suicides - who, according to the Russian Orthodox faith, are condemned to hell - deserve one's pity, and Zosima confesses to praying for suicides even though the religion forbids it. At this point, Alyosha's manuscript breaks off, and the narrator gets back to the action. On this last evening, everyone visiting Zosima believes he is getting better. All of a sudden, though, he feels an intense pain in his chest and falls to the floor, kissing the earth and praying. In this position, he dies. The chapter ends with the narrator coyly promising that the events that follow are ""strange, disturbing, and bewildering.""","Father Zossima: The monk is nowadays pronounced by some people with a jeer, and by others it is used as a term of abuse. In their solitude, they keep the image of Christ fair and undefiled, in the purity of God's truth, he says.","The monk is nowadays pronounced by some people with a jeer, and by others it is used as a term of abuse. Monks are isolated only if the people are isolated, he writes. Salvation will come from the people, from their faith and their meekness, he says.",0.09446254071661238,0.10064935064935066,0.013071895424836602,0.009771986970684038,0.06514657980456026,0.061688311688311695,0.0,0.0
16,The White Devil,3063,5,"The Duke of Brachiano arrives at the residence of Vittoria Corombona and her husband, Camillo. He complains to Vittoria's brother, Flamineo , telling him that he's hopelessly in love with Vittoria. Flamineo assures the Duke that Vittoria's into him too. Flamineo and Vittoria's maid, Zanche, will arrange a meeting for them late at night. He also tells the Duke that women like Vittoria aren't really shy or scared of seduction--they're just acting like it to enflame the desires of their suitors. When Brachiano worries about Vittoria's husband, Flamineo tells him that Camillo is just a wimp who can't please a woman. He also tells him that he shouldn't be overly hot to get with Vittoria--men who are in marriage always want to get out of it, even though others want to get in. Camillo approaches, as Flamineo finishes mocking him . Brachiano exits. Flamineo chats with Camillo about his marriage, and Camillo admits his been preoccupied with voyaging and doesn't remember when he last slept with her. He says he always wakes up with a ""flaw"" between him and Vittoria whenever they do have sex. Camillo admits that he knows Brachiano is trying to seduce his wife. Flamineo tries to convince him differently, reminding him of his favorable horoscope, but Camillo's not buying it. Flamineo pretends to advise him in favor of locking up his wife. Camillo thinks this is good advice, but Flamineo reveals he was kidding--that's a sure way to get cuckolded, regardless of your wife's chastity. He should let Vittoria remain at liberty. None of Flamineo's jokes about cuckoldry make Camillo less anxious, though. Flamineo tries to tell him that his jealousy is like a pair of glasses that are designed to distort appearances--you see adultery everywhere. Vittoria enters. Flamineo tells her she should be nicer to Camillo and accept his entreaties--while constantly mocking him in asides to the audience. He talks Camillo up, saying that he'll lie with Vittoria in an extremely luxurious bed and give her the philosopher's stone and so on. But, craftily, Flamineo tells Camillo not to sleep with Vittoria tonight--he needs to make her wait, so she'll be more eager. Camillo agrees, and tells Vittoria he needs to wait a night, like a silkworm, to spin a finer thread. He thinks this is a witty remark, and leaves. The maid, Zanche, prepares the cushions for Vittoria's midnight rendezvous with Brachiano. Brachiano arrives and confesses his love to Vittoria--she seems very receptive. But, all the while, Vittoria and Flamineo's mother, Cornelia, is listening in. Vittoria and Brachiano talk about exchanging jewels, in a somewhat sexually charged moment. Then, Vittoria tells Brachiano about a dream she had: in the dream, she's crying under a yew tree in a cemetery. Her husband, Camillo, and the Duke's wife, Isabella, come along and accuse her of trying to uproot the yew tree and replace it with an evil blackthorn. They try to bury her alive, but a whirlwind comes along and knocks over the yew, killing them and burying them in the grave they've been digging. Flamineo remarks aside that Vittoria is suggesting to the Duke that he murder her husband and his wife, in a veiled way.The Duke promises to ""protect"" Vittoria from them, and promises that she'll be everything to him. Cornelia steps into view and angrily accuses Vittoria and the Duke of adultery. . Vittoria plays innocent, and the Duke tries to speak, but Cornelia condemns the Duke for setting a terrible example, and curses her daughter--wishing her a short life if she betrays her husband. Vittoria feels cursed and exits. Brachiano, angry with Cornelia, leaves--but tells Flamineo to send Doctor Julio to him. Flamineo complains about how Cornelia interrupted his boss, the Duke--which reflects badly on Flamineo. Cornelia says that just because they're poor doesn't mean they need to be vicious--deceitful and murderous. Flamineo says he's just trying to get rich, to add to the fortune his dead father left him, and doesn't need any of her moral qualms. He's made of tougher stuff. Cornelia wishes she'd never given birth to him, and Flamineo wishes he'd had a prostitute for a mother so he would've had multiple presumed dads to take care of him. He tells her to go tell the cardinal about what's going on if she feels so bad. Cornelia exits. Alone, Flamineo complains that the duchess has come to court. But, he says, they need to continue their mischief--using the twisting manipulations of a snake, they'll eventually get what they want.",Scenes from the play are set in the town of Flamineo. The Duke of Bracciano is accompanied by his brother-in-law Camillo and his sister Vittoria. Camillo tries to stop the Duke from going to bed with his wife. The play ends with the Duke and his wife in bed together.,Corn tells how she had a dream about a yew-tree in a churchyard. Her husband and duchess were killed by the tree in a dream. The dream was about a duke who was an adulterous duke. Camillo was sent home without a man. His wife refused to give birth to his child.,0.08747044917257683,0.089728453364817,0.028436018957345974,0.033136094674556214,0.0685579196217494,0.05667060212514758,0.2222222222222222,0.0
17,Lord Jim,2192,3,"After the world's worst vacation, Marlow splits from Patusan. Jim accompanies Marlow to the shore to see him off and starts to give Marlow a message to take back home to his family. But at the last moment he stops himself and opts to just say good-bye. As he describes how he watched Jim waving from shore, Marlow tells us that this is the last time he ever saw Jim. So ends the storytelling session on the verandah.","'But next morning, at the first bend of the river shutting off thehouses of Patusan, all this dropped out of my sight bodily' 'There are the ambitions, the fears, the hate, the hopes, and they remain in my mind just as I had seen them--intense and as if for ever suspended in their expression' 'No magician's wand can immobilise him under my eyes'","'But next morning, at the first bend of the river shutting off the houses of Patusan, all this dropped out of my sight bodily,' he writes. 'There are the ambitions, the fears, the hate, the hopes, and they remain in my mind just as I had seen them'",0.24827586206896554,0.234375,0.013986013986013986,0.015873015873015872,0.11034482758620691,0.125,0.3333333333333333,0.3333333333333333
18,The Prince,2734,4,"For those of you who got your nation by sheer luck, or by buying it: we have good news and bad news. The good news is--yay!--you have some territory now. The bad news is, it won't be like that for long. Unless you've been hard at work figuring out how to fight and defend your new land with your very own army, you will probably soon be known as the ex-ruler of your nation. Oops. Enjoy it while you can. Machiavelli gives us examples of men who got their new kingdoms by luck and by sheer abilities. The first is Francesco Sforza, who got Milan through ability and effort and kept it fairly easily. The second is Machiavelli's historical crush, Cesare Borgia, who got his land because his dad tricked people to get it for him. Now, Machiavelli wants us to know that just because Borgia died and lost his land, doesn't mean he wasn't awesome. You see, he did everything right in Machiavelli's eyes. He was just super unlucky. Here's how it went down. Pope Alexander VI, otherwise known as Borgia's dad, got some land called Romagna for his son. Now it was up to Borgia to stand on his own two feet, and he realized that his army and his ally weren't the most loyal ever. This is a problem. Remember what Machiavelli said about using other people's power? Well, Borgia was fed up with it and decided to free himself by getting some new allies. Then he took it up a notch and decided it was time to get rid of anyone else who might challenge him. He invited them to a party and killed them all. So far, so good. Now, remember how were just talking about how sometimes you have to crush your new land in order to rule it? Well, guess who knew that? That's right, Borgia. He put a crazy ruthless guy named Remirro de Orco in charge of Romagna who whipped the area into shape. No one really liked de Orco or Borgia after all this violence, but that would change. Borgia decided that he didn't need such violent methods anymore and established a court of locals to run everything. Oh, and he killed de Orca and displayed his corpse in the town center to show everyone that he was so angry with him for being mean to them. Hmmm. These shenanigans scared the pee out of anyone trying to mess with Borgia and made everyone think that he was a nice guy. We're not sure if there has ever been another case where killing someone and displaying his rotting body has made people like someone. Don't try this on your next date. Things were going okay for Borgia, until he realized that his buddy France was turning on him. He needed some new buddies, and soon--but then his dad died, throwing a wrench in Borgia's plans. But he'd always been a quick thinker. He made a new, four-part plan to deal with whomever the new pope was going to be. Kill more people who didn't like him Make friends with all the nobles of Rome Control the people who were choosing the new pope Get lots and lots of land before the new pope came so he could defend himself When he died, Borgia was pretty close to checking off all of the to-dos on his list. The only thing left was to become master of Tuscany, which would happen as soon as he completed his collection of regions with Pisa. But, well, he never got Pisa. And he was mortally ill. And the new pope? He hated Borgia. So, yeah. Not so great. Despite all this, Machiavelli says that Borgia is the best role model for any new ruler because he did all the things that a ruler should do, like killing all your enemies ruthlessly and appearing to be a nice dude. The only problem was his horrible bad luck. Machiavelli only has this critique of Borgia: he let Julius II become pope. There were tons of other options that would at least have been afraid of Borgia--if not his best bud--but instead, he let the papacy go to a hater. Not a smooth move.","Those who solely by good fortune become princes from being private citizens have little trouble in rising, but much in keeping atop. Such are those to whom some state is given either for money or by the favour of him who bestows it. Such stand simply elevated upon the goodwill and thefortune of the man who has elevated them. Neither have they the knowledge requisite for the position.","The king came into Italy with the assistance of the Venetians and the consent of Alexander. He was no sooner in Milan than the Pope had soldiers from him for the attempt on the Romagna. After this he awaited an opportunity to crush the Orsini, having scattered the adherents of the Colonna house. This came to him soon and he used it well.",0.0851063829787234,0.10327455919395466,0.005018820577164366,0.01767676767676768,0.05506883604505632,0.07052896725440805,0.0,0.13636363636363635
19,The Red and the Black,8779,12,"Smitten by love, Julien is unable to amuse himself in Strasbourg. He encounters his London friend, the Russian Prince Korasov, who befriends and undertakes to cheer him. The prince advises Julien how to proceed in his love affair with Mathilde. He must resort to inspiring jealousy in the woman he loves by courting another. The prince gives Julien a series of love letters with directions as to how and when they are to be delivered to the lady. Julien intends to court Mme. de Fervaques, a beautiful widow of a marshal of bourgeois lineage, a prude who is influential in the Congregation. Julien agrees to the stratagem. At the same time, he turns down an offer made by Korasov for the hand of the latter's cousin, a match that would facilitate a glorious military career for Julien in Russia. Upon returning to Paris, Julien asks advice of Altamira in his courting of Mme. de Fervaques. Altamira introduces him to Don Diego Bustos, who had unsuccessfully attempted to court this lady. From Bustos, Julien learns how to go about the conquest. At the Moles', Julien must exert much self-control to begin his campaign. Civil but not attentive to Mathilde, he seeks out Mme. de Fervaques and spends the evening in conversation with her. At the theater, his eyes remain fixed on Mme. de Fervaques. Upon seeing Julien again, Mathilde, who has sworn to forget him, to return to virtue, and to hasten her marriage to Croisenois, now reverses her position, seeing in Julien her real husband. Mathilde is consternated by Julien's indifference for her. Mme. de la Mole now looks upon Julien more favorably since he seems to be interested in Mme. de Fervaques. Julien copies the first letter and delivers it, following the directions of the prince. During his evening conversations, Julien places himself in such a way that he can observe Mathilde without being seen. Mme. de Fervaques is quite favorably impressed with Julien, in whose eloquence, metaphysical bent, and mystical preoccupation she thinks she sees the making of a great churchman. Two weeks and many letters later, Julien receives an invitation to dinner at the home of Mme. de Fervaques. Julien finds the dinner, the conversation, and the guests insipid. Tanbeau, his rival at the Hotel de la Mole, encourages him in his conquest of Mme. de Fervaques. One evening at the opera, Mme. de Fervaques intimates that whoever loves her must not love Napoleon. Julien interprets this as an avowal of a certain success in his campaign. Julien's carelessness in copying a letter almost causes Mme. de Fervaques to doubt his sincerity, but he succeeds in excusing the blunder. Mathilde is succumbing to his strategy. She admires his Machiavellianism in telling Mme. de Fervaques things he obviously does not believe. Mathilde's marriage with Croisenois is imminent, and Julien thinks again of suicide.",Julien was compelled to spend eight days in Strasbourg and tried todistract himself by thoughts of military glory and patriotic devotion. He needed all the energy of his character to keep himself from sinking into despair. The same powerful imagination which had formerly been continuouslyemployed in painting a successful future in the most brilliant colours had now been transformed into his implacable enemy.,"Julien Korasoff was left in love with Mathilde de Dubois, a woman from Strasbourg. The prince gave Julien three bitter pills to stop him falling in love again. Julien de Croisenois wrote a letter of advice to the madame de Fervaques. He had been unable to look at Mathilde since she had left him.",0.09576427255985266,0.14232209737827717,0.011090573012939002,0.022556390977443608,0.07366482504604051,0.09363295880149813,0.043478260869565216,0.21739130434782608
20,The Red and the Black,1872,3,"The Marquis de La Mole showers Julien with every insult he can think of. Julien tries to smooth things out, but it isn't easy. Julien goes to his old mentor, Father Pirard, the next day and tells him what has happened. Pirard isn't surprised, though he's disappointed in Julien. Back in Paris, Mathilde reads a letter that Julien has given to the marquis. It suggests that Julien might be going off to commit suicide. When Julien comes back safe and sound, Mathilde tells him to ride off to a nearby village called Villequier and wait for her there. While Julien is gone, Mathilde convinces her father that the only way forward is for her to marry Julien. She won't consent to any sort of secret birth. She needs to be with him. The marquis reflects on all the big plans he used to have for Mathilde's future. But now they've all gone up in smoke.","Julien found the marquis furious. For perhaps the first time in his life this nobleman showed bad form. He loaded Julien with all the insults that came to his lips. Julien was afraid of being beaten. He wrote to the Marquis: ""I have found my life unbearable for a long time""",Julien asked Tartuffe for advice on how to deal with the Marquis de la Mole. The marquis was furious with Julien. Julien was afraid of being beaten by the marquis. The novel is about the hell of being a man.,0.21698113207547168,0.2288557213930348,0.05714285714285714,0.06030150753768844,0.14150943396226415,0.1293532338308458,0.2222222222222222,0.3333333333333333
21,The Brothers Karamazov,3375,5,"Dmitri continues to tell Alyosha about his history with Katerina. After he loans her the money, the family's honor is saved. Then the colonel dies of an illness and Katerina and her sister leave for Moscow. A wealthy aunt takes Katerina under her wing. Katerina is able to repay the money to Dmitri and also, in a letter, offers herself in marriage to him. Dmitri sends a letter back, then sends a letter explaining the situation to Ivan. Ivan is living in Moscow at the time, and Dmitri tells him to go see Katerina. There, Dmitri suspects, Ivan fell in love with Katerina. Later Dmitri finally arrives in Moscow, where his engagement with Katerina is celebrated. Although Katerina had made him promise to reform, Dmitri is quickly seduced back to his old ways by Grushenka, a foxy babe in their hometown. Grushenka also has her claws in their father, Fyodor. Dmitri confesses that the worst of it is that Katerina had entrusted him with 3,000 roubles to send to her sister in Moscow. But instead of sending the money, Dmitri had spent it all partying with Grushenka. Dmitri's only hope, as he tells Alyosha, is to repay Katerina so that he's not the absolute lowest scum of the earth. Since he has no money of his own, he asks for Alyosha's help in getting the money and in breaking off his engagement with Katerina. But Alyosha's just a poor monk. Where is he supposed to get the money, you ask? From the very same father, Fyodor, who's also in love with Grushenka. Smerdyakov has told Dmitri that Fyodor, in an attempt to win over Grushenka, has promised her 3,000 roubles. All she has to do is sneak into his room with a secret knock that only Smerdyakov and Fyodor know. But now Dmitri knows about their little scheme because Smerdyakov has spilled the beans. This is why Dmitri has been hiding in their neighbor's garden guzzling cognac. He's waiting for Grushenka, to prevent her tryst with his father. On top of all that, Dmitri wants Alyosha to convince their father to give Alyosha the money intended for Grushenka, money Alyosha can then give to Dmitri to give back to Katerina. Complicated much?","Dmitri Ivanovna met his future wife for the first time in Moscow. The two were betrothed for three months, but then she left him. She sent him money, but not a note, not a word of explanation. He wrote to her and told her all about it in a letter of six pages.","Dmitri fell in love with Katerina Ivanovna, and was betrothed to her. But she sent him a letter saying she loved him and wanted to marry him. He wrote to her and sent her a dowry, but she never wrote to him back. He now knows that he was a stupid man.",0.15172413793103448,0.15668202764976957,0.018475750577367205,0.037037037037037035,0.09195402298850575,0.09216589861751151,0.1111111111111111,0.1111111111111111
22,The Brothers Karamazov,3099,5,"Alyosha then heads straight to the hospital, where Dmitri, who had come down with a fever after the trial, is being kept in a special area. Alyosha tells Dmitri not to feel bad about trying to escape - after all, he is innocent. He admonishes Dmitri just to remember his promise to reform his ways and become a new man. Dmitri tells Alyosha about his plans to escape with Grushenka to America, learn English, and return to Russia disguised as an American. Suddenly Katerina appears in the doorway. She rushes to Dmitri and clasps his hands, and they seem to come to a reconciliation over everything that's happened between them. Although they are both involved with other people now, they promise to love each other forever. Katerina also affirms that she too believes in Dmitri's innocence; she only revealed his letter at the trial out of petty jealousy. As Katerina leaves, she encounters Grushenka and asks her forgiveness, which Grushenka will give only if Katerina pulls off Dmitri's escape. Alyosha follows Katerina out the door, then heads over to a funeral.","Mitya had fallen ill with nervous fever, and was sent to the prison division of the town hospital. Alyosha found him sitting on his bed in a hospital dressing-gown, with a towel, soaked in vinegar and water, on his head. He looked sometimes with a face of suffering at his brother.","Mitya had fallen ill with nervous fever, and was sent to the prison division of the town hospital. Alyosha found him sitting on his bed in a hospital dressing-gown, rather feverish, with a towel, soaked in vinegar and water, on his head. ""Trifon Borissovitch,"" Mitya began nervously, ""has pulled his whole inn to pieces, I am told""",0.1957446808510638,0.16597510373443983,0.025751072961373394,0.025104602510460254,0.11063829787234043,0.10788381742738591,0.0,0.0
23,Far From the Madding Crowd,2860,4,"Note: we're not sure why Hardy decided to spell ""gargoyle"" in a weird way in this title. Hardy spends this entire chapter talking about a stone gargoyle that's sitting on one of the ledges of the cemetery building that Sergeant Troy has just fallen asleep in. As Troy sleeps and the rain increases, water starts to shoot out of the gargoyle's mouth, since the statue is used as a rainspout. Usually, there are some stones at the bottom of the building to direct the water away from the graves. But since these stones were displaced the previous summer, there's nothing to keep the water from flowing directly over the graves. Sadly, the water totally fills up Fanny's open grave and ruins all of the flowers that Sergeant Troy has painstakingly planted over the past few hours. When Troy wakes up, he takes the ruined flowers as a sign that he should stop trying to be a nice person. As you can imagine, it doesn't take much to discourage this guy from trying to be a nice person. He decides to leave Weathbury without telling anyone. Now we look in on Bathsheba, who hasn't slept well throughout the night. Huh. We wonder why. Liddy informs Bathsheba that Troy was seen walking the road toward Budmouth early in the morning. Bathsheba gets up to go look at Fanny's grave. Sure enough, the new tombstone that's been brought to town has been for her. On the stone, Bathsheba reads, ""Erected by Francis Troy in Beloved Memory of Fanny Robin."" At the grave, she meets up with Gabriel Oak, who now realizes that Bathsheba knows everything about Sergeant Troy and Fanny. With his help, Bathsheba starts replanting all of the nice flowers that Troy gave up on.",The tower of Weatherbury Church was a square erection of 14th-century date. It had two stone gurgoyles on each of the four faces of its parapet. Of these eight carved protuberances only two at this time continued to serve the purpose of their purpose.,"The tower of Weatherbury Church was a square erection of fourteenth-century date. It had two stone gurgoyles on each of the four faces of its parapet. Bathsheba remained a voluntary prisoner in the attic. The door was kept locked, except during the entries and exits of Liddy.",0.10374639769452451,0.11428571428571428,0.0057971014492753615,0.011494252873563218,0.069164265129683,0.08,0.0,0.0
24,The Red and the Black,2908,4,"At the secret political meeting, a servant runs in and announces the arrival of an important Duke. The Duke tells him to be quiet before the guy can even finish, though. The marquis introduces the man to Julien. He mentions that Julien has an incredible memory. The man quizzes Julien on the content of that day's newspaper, and Julien has it all by heart. Julien is sent into the next room for a while, then called back. The men start talking all about what France needs and how they're going to achieve it. By the time he's done, Julien has twenty-six pages of notes. Despite his best intentions, the narrator decides to include some excerpts from these notes. There's some talk of an assassination in France, of a revolution, of an invasion by a foreign country... everyone just sounds like a big blowhard, though. In the end, Julien is asked to memorize the letter and deliver it's message to a certain Duke living outside of France.",Julien Sorel was invited to a meeting by the Marquis de la Mole. The marquis was the president of the French republic. The meeting was held in a salon upholstered in velvet with large pieces of gold lace. The duke was a man of fifty dressed like a dandy.,"Julien Sorel wrote a book about the French Revolution in 1830. The book was published under the pseudonym of Jean-Baptiste-Sorel. The author was asked to write about politics in the book. M. de la Mole: ""There is war to the death between the liberty of the press and our existence as gentlemen""",0.20814479638009048,0.19469026548672566,0.045662100456620995,0.017857142857142856,0.12669683257918551,0.12389380530973454,0.0,0.0
25,The Brothers Karamazov,2303,3,"Next three medical experts are called in to weigh in on Dmitri's state of mind: Dr. Herzenstube, the unnamed famous doctor from Moscow, and the young Dr. Varvinsky. Herzenstube goes first. He testifies that he finds Dmitri to be of an ""abnormal"" state of mind. As confirmation, he oddly states that when Dmitri walked into the courtroom, he should have looked to the left where the women were sitting, since he has a thing for the ladies. Instead he looked straight ahead. That's a convincing argument . Next up is the famous doctor. He agrees with Dr. Herzenstube that Dmitri is ""abnormal,"" but he adds that Dmitri has ""mania"" and is prone to act in a ""fit of passion."" As if to one-up Herzenstube, the famous doctor claims that Dmitri should have looked to the right when he walked into the courtroom, because that's where his defense attorney was sitting. Finally comes Dr. Varvinsky. He testifies that he believes Dmitri to be completely sane and that it was quite natural for him to look straight ahead as he walked, because that's where the judges were sitting. Dmitri loudly agrees with Dr. Varvinsky. Then Dr. Herzenstube is called up again by the defense and surprises everyone with a sympathetic story about Dmitri. Herzenstube remembers coming across Dmitri as a young child, neglected by his father. He had bought Dmitri a pound of nuts out of charity. Years later, when Dmitri returned to town as a young man, he visited Herzenstube and reminded him of his kindness. Dmitri loudly insists again on his gratitude, and everyone in the court seems impressed.","The medical experts were the famous doctor from Moscow, our beloved Herzenstube, and the young doctor, Varvinsky. The two latterappeared also as witnesses for the prosecution. The medical line of defense had only been taken up through the insistence of Katerina Ivanovna, who had sent for a celebrated doctor on purpose.","The medical experts were the famous doctor from Moscow, our doctor, Herzenstube, and the young doctor, Varvinsky. As an old resident in the town who had known the Karamazov family for years, he furnished some facts of great value for the prosecution.",0.1851851851851852,0.1841269841269841,0.055900621118012424,0.06389776357827476,0.13580246913580246,0.126984126984127,0.5,0.5
26,Lord Jim,4919,7,"Brown ordered his men to load on board, telling them that he would give them ""a chance to get even with before we're done."" He was answered by low growls. Meanwhile, Tamb' ltam reached Dain Waris' camp and was immediately taken to Dain Waris, who was resting on a raised couch made of bamboo. Tamb' Itam handed him the silver ring from Lord Jim. Brown and the white men, he said, ""were to be allowed to pass down the river."" Dain Waris listened attentively, then slipped on Jim's ring and gave orders to prepare breakfast and make ready for the return in the afternoon. Then he lay back down and watched the sun eat up the mist and the fog. It was then that Brown took his revenge. It was, says Marlow, an act of cold-blooded ferocity,"" and it seemed all the worse later. Brown used the memory of it to ""console"" himself as he lay on his deathbed. Brown landed his men on the other side of the island opposite Dain Waris' camp and Cornelius led the way to the Bugis' camp. The Bugis were in plain sight. No one guessed that the white men knew about the narrow channel behind the camp. At the precise moment, Brown yelled out, ""Let them have it,"" and fourteen shots rang out. For a moment, not a soul moved. Then blind panic drove them wildly to and fro on the shore like a herd of frightened cattle. Three times Brown's men fired into the Bugis' camp. Tamb' Itam dropped immediately and lay as if he were dead. He told Marlow that after the first volley of shots, Dain Waris raised up from his couch and received a bullet in his forehead. In a few minutes, the white men vanished. A month later, three parched, glassy-eyed, whispering skeletons, one of whom said his name was Brown, were picked up in the Indian Ocean. Brown, of course, lived and was interviewed by Marlow. Tamb' ltam told Marlow that Brown did not take Cornelius with him. Cornelius was seen running among the Bugis corpses, uttering little confused cries. Tamb' Itam caught him and stabbed him twice. Then Cornelius ""screeched like a frightened hen,"" Tamb' Itam says, and so he shoved his spear through him and ""life went out of his eyes."" Immediately thereafter, Tamb' Itam left for the fort to report to the Bugis what had happened to Dain Waris and his men. The town of Patusan had a festive air. The women were crowded together in throngs, waiting for the return of Dain Waris and his men. The city gate was wide open. Tamb' Itam was panting and trembling when he finally reached the town. He saw Jewel, and he mumbled half-coherently to her what had happened during Brown's ambush. Then he ran to Jim's house. Jim was sleeping, but when he saw the confused state that Tamb' Itam was in, he wanted the truth: was Dain Waris dead? When he learned the tragic news, he immediately gave orders for Tamb' ltam to assemble boats, but Jim's bodyguard told him that after Dain Waris was killed, it was no longer safe for Jim's ""servant to go out amongst the people."" Jim understood. His world had fallen in ruins. Everything was lost -- particularly the confidence that the Bugis had once placed in Jim. Loneliness closed in on Jim. The people had trusted him with their lives, and he had failed them. There was much weeping among the people, but there was more anger within them. The sun was sinking above the forest when Dain Waris' body was brought into Doramin's compound. The body was laid under a tree, and all of the women began to wail, mourning in shrill cries and screaming in high, singsong lamentations. Both Tamb' Itam and Jewel urged Jim either to make a stand or to try to escape, but Jim refused. ""I have no life,"" Jim told Tamb' Itam and Jewel. The girl begged Jim to fight, but Jim could not. ""Forgive me,"" he told Jewel, but she could not. ""Never, never!"" she screamed after him. Neither she nor Tamb' Itam could understand Jim's code of honor. Jim went to old Doramin and told him that he had come ""in sorrow . . . ready and unarmed."" Doramin struggled to his feet, helped up by his attendants, and as he rose, the silver ring that he had taken off Dain Waris' finger slipped off his lap and rolled forward toward Jim's feet. Here was ""the talisman that had opened for him the door of fame, love, and success."" Jim looked up and saw that Doramin was aiming a pistol directly at his chest. He looked at the old nakhoda with ""proud and unflinching"" eyes. Doramin fired, and Jim fell forward. ""And that's the end,"" writes Marlow. Even today, Jim remains a mystery to the girl and to Tamb' Itam. But, to Marlow, Jim is not a total mystery. It is true, Marlow says, that Jim passed away ""under a cloud, inscrutable . . . and excessively romantic,"" for not even in his boyhood days could Jim have dreamed such a romantic destiny for himself -- and yet that is exactly what he wanted most in life. But ultimately, Marlow said, Jim was not so different. He was, still, even at the end, ""one of us.""","Tamb' Itam had reached the end of his journey. The fog had delayed him a little, but he had paddled steadily, keeping in touch with the south bank. He saw, under the now lifting, swirling mist, the glow of many little fires burning on a sandy stretch.","'Rumours flew in whispers, filling the hearts with consternation and horrible doubts' 'The robbers were coming back, bringing many others with them, and there would be no refuge in the land for any one' 'A hush had fallen upon the town after the outburst of wailing and lamentation'",0.061116965226554264,0.056842105263157895,0.01689545934530095,0.008438818565400845,0.04214963119072709,0.03789473684210526,0.05,0.0
27,The Consolation of Philosophy,5811,9,"Book I of The Consolation of Philosophy begins with a poem which explains why the writer has begun this work. He says ""I who once composed with eager zest/Am driven by grief to shelter in sad songs."" This lament echoes a classical form of Greek poetry and gives us information about the poet's situation as well as an introduction to his outlook and purpose for the ensuing dialogue. The lament is a conventional form of grief poetry, and the reference to ""song"" in the second line is also traditional for beginnings . The sorrowful writer is visited by a vision of a woman standing over him. A mystical vision, she is ""full of years"" yet with undiminished color and vigor. She appears to him of varying height, sometimes of normal human dimensions and sometimes scraping the heavens. Boethius carefully notes her robe, which he says consists of an ""imperishable material"" woven by her own hands. This magical dress, however, is covered with the dust of long neglect. She bears written on her hem the Greek letter Pi, and on the top of her gown the letter Theta. Between these letters is a ladder of steps going from the bottom to the top. Another feature of the woman's dress is that it has been ""torn by the hands of marauders who had each carried off such pieces as he could get."" She also carries some books in her right hand, and in her left hand a scepter. Before the woman arrived, Boethius tells us that standing at his bedside were the muses of Poetry, who dictated to him as he wrote poetry and wept. At the sight of the Muses the woman becomes angry. She calls the muses ""hysterical sluts,"" and tells them that they have no medicine to cure Boethius's sickness, and they will steal his Reason away and make him worse. Boethius is not an ordinary man, she says, for he has been nourished by the philosophies of ""Zeno and Plato"". She further insults them, and the Muses blush and leave. The mysterious woman, now alone with Boethius, sits down on his bed and recites a poem to him, articulating his grief, and again lamenting his fall from grace. And the woman now says that the time has come for healing rather than lamentation. She says, Are you not the man who was raised on my learning? Why do you not recognize me? Continuing in the doctoring tone, she says that Boethius' grief is nothing serious - only a bit of amnesia. At this she takes a fold of her dress and wipes the tears from Boethius's eyes. His reaction is detailed in a poem, which says that Boethius's eyes were then cleared. Boethius looks upon the woman, and realizes that she is Philosophy, his nursemaid of old. She has come to succor him, and make his imprisonment easier. She details that she, like Boethius, has undergone many trials, and in the latter years the various philosophical sects had struggled to ""seize for their own the inheritance of wisdom"" by trying to carry her off. They only got parts of her robe, and each went away thinking that they had obtained the whole of philosophy. These traces of her clothing had given these Epicureans and Stoics a reputation of wisdom among the ignorant. Again, Philosophy recites a poem, extolling the virtues of men who are not moved by the vagaries of fortune. She asks Boethius why he weeps at this, and tells him to explain to her his ""illness"" or wound so that she may heal him. Boethius then details his list of woes. He reminds her that he is in prison, rather than studying her wisdom in the library of his home. He complains that such is the lot of her followers, and that he had gone into politics because Plato had written that any state was best run by ""philosopher-kings"". He explains how his gravity and honesty made him no friends in the political arena, and incited the jealousy and hatred of powerful enemies. He had campaigned for just laws and fair taxation, and had resisted and tried to uproot corruption. He explains the various charges brought against him, but the crux of the matter is that he was accused of having desired the safety of the Senate. Because of the crooked politics of the day, and because he had prevented an informer from producing evidence of the Senate's treason, he was judged by that same body has having commited a crime. Boethius cries out to Philosophy - Was this justice? He was also accused of unchecked ambition, but he says that he had always followed her recommendation of the Pythagorean maxim ""Follow God"" in all things. He is angry and saddened that, while he was faithful to Philosophy, his reward is imprisonment and, soon, execution. Boethius then recites a longer poem, extolling God but asking why the world is ruled by fickle Fortune. Philosophy responds, saying that it is not important that he is no longer in his ornate library. Her teachings are the only things of value, and those are still inside him. She diagnoses him as ""swollen and calloused"" under the influence of disturbing emotions, and she will begin with a gentle cure, working up to stronger medicine when he has begun to heal. She then questions Boethius to discover precisely the state of his mind. She wants to know if he believes in a directed universe, or if he is convinced of the haphazard nature of fate. Boethius responds that he believes that God the Creator watches over his creation. Continuing the questioning, she discovers that he is confused about how fate and fortune do not control the final, most important destiny of man. Philosophy says that Boethius has forgotten his true nature, and that he is a spiritual being, a soul in communication with God, rather than just a rational animal existing in the material world. Boethius weeps because he is in mortal peril and his possessions and honors have been taken away from him; Philosophy reminds him he still has his most important, and, in fact, his only true possession - his soul. She stops here, however, because the patient is still too ill to take the full ""cure"" she offers. The Book ends with a poem extolling the virtue of rejecting emotions and ignoring the dictates of fortune.","The Song of Boethius was written in the first century BC. It is the story of a young man's journey to the Muses. It was written as a lament for a sick man who had fallen from grace. The song was written by the poet himself, and is called 'Boethius'","Book I is a collection of poems written by the Roman poet Boethius. The songs are written in the form of a lamentation. They are sung by the Muses. The Stoic, Epicurean, and other philosophical sects are considered heterodox.",0.06945681211041853,0.054005400540054004,0.019625334522747548,0.01803426510369702,0.04808548530721282,0.039603960396039604,0.08695652173913043,0.08695652173913043
28,Far from the Madding Crowd,2133,3,"Gabriel had been gone about twenty-four hours when, on Sunday, men came running to Bathsheba to report that many of her sheep had broken into a field of clover. ""'And they be getting blasted,' said Henery Fray. . . . 'And will all die as dead as nits, if they bain't got out and cured!' said Tall."" Bathsheba shouted at the men for not having gone directly to the fields to do something about it. Despite her velvet dress, she too ran to the fields. The animals were very ill. When she asked what to do, the men told her that the sheep had to be pierced to be relieved, and that only Oak knew how to perform this operation. Bathsheba was furious. She thought of Boldwood, but the men told her that some of his animals had been similarly affected by vetch the other day, and he had sent for Gabriel. Still Bathsheba refused to consider this. Suddenly a sheep fell dead, and Bathsheba sent a message ordering Oak to come. The men waited until Laban Tall returned with word that Gabriel would not come unless properly asked. After another sheep died, Bathsheba wrote the request and added at the bottom: ""Do not desert me, Gabriel!"" When Gabriel appeared, Bathsheba looked at him with gratitude but reproved him for his unkindness. He went at once to lance the animals. He did forty-nine successful operations. There was only one mishap. Four other sheep had died before his arrival. Fifty-seven sheep were saved. ""'Gabriel, will you stay on with me?' she said, smiling winningly, and not troubling to bring her lips together again at the end, because there was going to be another smile soon. ""'I will,' said Gabriel. ""And she smiled on him again.""","Gabriel Oak had ceased to feed the Weatherbury flock for about four and a half hours. Joseph Poorgrass, Matthew Moon, Fray, and half-a-dozen others came up to the house of the mistress of the Upper Farm. Susan Tall's eyes were at their darkest and brightest.","Gabriel Oak had ceased to feed the Weatherbury flock for about four-and-twenty hours. The elderly gentlemen Joseph Poorgrass, Matthew Moon, Fray, and half-a-dozen others, came running up to the house of the mistress of the Upper Farm. ""How dare you name that man in my presence!"" she said excitedly.",0.1457725947521866,0.16091954022988508,0.011730205278592374,0.023121387283236993,0.0991253644314869,0.09770114942528736,0.2222222222222222,0.2222222222222222
29,Sense and Sensibility,2551,4,"Lucy is very glad at Edward being offered a position, and also believes, like Mrs. Jennings, that they will be married and settled there by the end of the year. Elinor makes what she sees as a necessary visit to John and Fanny, after Fanny's fits a few days ago; there, she meets Robert Ferrars again, who is to marry Miss Morton now, much to Elinor's surprise that she is given no choice in the hasty arrangement. Elinor's poor opinion of Robert is only confirmed by the fact that he doesn't object to his mother's cruel disowning of his brother, and is enjoying his undeserved gain with no qualms of conscience at all. John and Fanny are acting with far more civility toward Elinor than is usual, but only out of insincerity, and because of the recent shocks about Edward's engagement.","Elinor Jennings and Edward Dashwood were living with Colonel Brandon at Delaford Parsonage before Michaelmas. Elinor decided to pay a visit to his wife, but was prevented by Marianne and Mrs. Jennings, who disliked Mrs. Dashwood. When she reached the house, John Dashwood accidentally came out. He told her that he had been just going to call in Berkeley Street, and invited her to come in.","Elinor Jennings and Marianne refused to go to visit John Dashwood. Elinor set out by herself to pay a visit, for which no one could really have less inclination. Marianne, not contented with absolutely refusing to go herself, was very urgent to prevent her sister's going at all.",0.2535211267605634,0.19387755102040816,0.037914691943127965,0.010309278350515464,0.13145539906103285,0.10204081632653061,0.25,0.08333333333333333
30,Tess of the D'Urbervilles,3884,6,"Rolliver's Inn is the only alehouse in the village, and can only boast of an off-license: nobody can legally drink on the premises, but this rule is often averted. Mrs. Durbeyfield had found her husband there bragging about his grand project for his family. He will send Tess to claim kin, for there is a lady of the name d'Urberville. John Durbeyfield admits that he has not told Tess this, but she is tractable and will do what he wishes. Joan Durbeyfield reminds her husband that there are many families that were once estimable and are now ordinary, but agrees to the arrangement. Tess arrives, and Abraham tells her that she will marry a gentleman. It is eleven o'clock when Tess gets her family to bed, and the next morning John is unable to go on his journey. Tess agrees to go with Abraham. On the way there, Abraham and Tess discuss how other stars are worlds just like Earth. Tess says that some worlds are splendid, but a few are blighted, and they decide that they are on a blighted one. Tess realizes the vanity of her father's pride. Suddenly, the wagon stops and they find that the morning mail-cart has crashed into their horse, killing it. Tess blames herself, while Abraham blames it for living on a blighted star. Tess does not know how to break the news to her family, but John Durbeyfield takes the news stoically.","The story of the life of the Durbeyfield family is told in the story of John and Joan. The story is told through the eyes of Joan's husband, John, who was a member of the Royal Family of Wessex. It is set in the village of Marlott, at the end of a long and broken village.",Tess Durbeyfield and her mother were going to deliver beehives to Casterbridge. They had to travel by bad roads over a distance of between twenty and thirty miles. Tess Durbey's father's horse was killed by a mail-cart in the morning.,0.20462046204620463,0.1660899653979239,0.026578073089700997,0.027874564459930317,0.13861386138613863,0.11072664359861592,0.3333333333333333,0.16666666666666666
31,The Brothers Karamazov,11664,15,"On the day scheduled for the meeting between the Karamazovs and the elder, Zossima, Fyodor and Ivan arrive accompanied by a former guardian of Dmitri, Miusov, and a relative of Miusov, Kalganov. Dmitri Karamazov, however, is not at the monastery, and all wonder, naturally, whether he will come; he was certainly notified only the previous day. The meeting takes on an air of mystery. A very old monk emerges, greets the guests, and then leads them to Father Zossima's cell. All are invited to have lunch with the Father Superior following the interview, he says. First, however, they must wait for Zossima. The wait, though not long, seems interminable to Miusov. Uncontrollably, he finds himself growing increasingly irritated at the crude jokes that Fyodor Karamazov unleashes concerning the monastic life. Father Zossima at last arrives, accompanied by Alyosha, two other monks, and Rakitin, a divinity student living under the protection of the monastery. The monks bow and kiss Zossima's hand and receive his blessings; the guests, however, merely bow politely to the elder. Deeply embarrassed by his family's austerity, Alyosha trembles. Now, more than ever, he fears that the meeting will be calamitous. Karamazov apologizes for Dmitri's absence, and then nervously begins a nonstop monolog of coarse anecdotes. At this, Alyosha is even more deeply embarrassed; in fact, everyone except the elder is distressed. The tension mounts, and when Karamazov falls climactically to his knees and begs the elder, ""What must I do to gain eternal life?"" it is difficult to tell whether or not he is still playing the loudmouth clown. No one but Zossima dares to speak. The elder tells Karamazov that he must cease lying and, above all, he must cease lying to himself. At first, Fyodor is impressed by the advice but then resumes his joking and clowning until Zossima excuses himself. He must meet with an assembly of people outside the monastery. The group outside are all peasant women -- all but two. At one side, in a section reserved for the wealthy, are Madame Hohlakov and her partially paralyzed daughter, Lise, waiting to be blessed by the elder and to receive his advice on their problems. Zossima moves among the peasant women listening to their problems and offering them advice, emphasizing always the healing effect of the love of God. ""Love is such a priceless treasure,"" he says, ""that you can redeem the world by it and expiate not only your own sins but the sins of others."" Madame Hohlakov confesses to Zossima that, for her part, she suffers from a lack of faith; she can grasp neither the Christian idea of immortality nor any type of life beyond the grave. She says furthermore that if she does a charitable act, she wants to receive thanks and praise for it. Zossima tells her that if she practices active, honest love, she will grow to understand the reality of God and the immortality of her soul. ""Attain to perfect self-forgetfulness in the love of your neighbor,"" he counsels her, ""then you will believe without doubt."" Ending the interview, he promises her that he will send Alyosha to visit Lise.",Book II. An Unfortunate Gathering is about a visit to a monastery in Russia. The author meets a young man who is trying to get into a university. He also meets a wealthy landowner and a very old general. The story ends with the death of the young man's relative.,"Alyosha and Fyodor Pavlovitch went to the monastery to interview the elder. They were greeted by beggars, but none of them gave them anything. Pyotr Alexandrovitch was a child when he first heard of ""possessed"" women. He was told it was a terrible illness to which women are subject.",0.09326424870466321,0.10051993067590988,0.01733102253032929,0.013913043478260872,0.0621761658031088,0.0658578856152513,0.0,0.047619047619047616
32,The Picture of Dorian Gray,4919,7,"In the midst of a beautiful, luxurious painter's studio, we meet Lord Henry Wotton and his friend, artist Basil Hallward. The studio is Basil's, and, as they chat, he critically regards his current masterpiece, a portrait of a gorgeous young man. Lord Henry tells Basil that the painting is his best work ever and suggests where he should exhibit it--but Basil says he doesn't want to do that. Lord Henry is appalled, but Basil holds out, claiming that he's put too much of himself into this painting. Henry protests that there's absolutely no resemblance between Basil and the man in the picture; while the subject of the painting is totally hot, intellectuals like Basil, he half-jokingly says, are generally pretty ugly. Basil tells Henry that he's wrong--looks aside, anyone who's different in any way is marked by fate. He predicts that his art, Lord Henry's wealth, and Dorian Gray's beauty will make them all suffer for their distinction. Lord Henry ignores Basil's dire prophecy, and focuses on the name--Dorian Gray, the beautiful boy in the portrait. Basil, it turns out, hadn't wanted to tell Henry Dorian's name, and Lord Henry asks why. Basil replies that some names are special to him; whenever he likes someone, he always conceals their names from friends, because it makes them seem more mysterious. In general, mysteries are more appealing. This is something Lord Henry completely understands. In his marriage for example, he and his wife have nothing but secrets, and they both like it that way. Basil laughs off Lord Henry's cynical attitude, and claims that his friend isn't really a cynic on the inside. Lord Henry responds that everyone's a poseur of one kind or another, and that cynicism is entertaining, in the least. The friends go out into the garden, and Henry announces that he has to leave. Before he goes, though, he asks one more question: why won't he exhibit Dorian's portrait? Basil protests that he already told Lord Henry the real reason. Under pressure, he explains further, that it's not the sitter that the portrait reveals, but the artist himself. Basil is afraid that showing the picture would reveal the secret of his very soul. Lord Henry laughs and asks what this secret is; Basil says he will tell it, though he warns that Lord Henry will hardly believe it, much less understand. Basil then relates how he met Dorian at a party at Lady Brandon's. As he chatted with various boring nobles, he realized someone was looking at him--someone so utterly fascinating that it terrified him. He tried to leave, but Lady Brandon grabbed him. He suddenly found himself face to face with the handsome young man who scared him: it's Dorian Gray. Basil and Dorian start their friendship by laughing together at Lady Brandon; Lord Henry says lightly that laughter is a good way to begin a friendship, but the best way to end one, to which Basil replies that Henry does not understand what friendship or enmity is. Lord Henry, who apparently is never serious, protests that he does indeed distinguish between his friends and enemies. He chooses his friends for their looks and his enemies for their brains. Basil and Henry kid around a bit, and Basil claims again that his friend really is a decent man, inside his flippant facade. Henry returns to the subject at hand--Dorian Gray. We learn that Basil sees Dorian every day. Lord Henry remarks that it's amazing that Basil now cares for something more than his art, but Basil insists that Dorian is his art now; apparently, meeting Dorian has changed the whole way he sees the world. Lord Henry starts hassling Basil about meeting Dorian. Basil finally admits that he doesn't want to exhibit the picture because the world will find out about his adoration for Dorian, something he hasn't even told Dorian about. Lord Henry asks if Dorian feels the same way about Basil; Basil thinks Dorian likes him, but isn't sure. Lord Henry suggests that Basil might get sick of Dorian--after all, he reasons, genius lasts longer than mere physical beauty. Basil thinks not. He argues that Lord Henry couldn't possibly understand, since he's so faithless in his loves. Ooh, ouch. Lord Henry remembers that he's heard the name Dorian Gray before, from his Aunt Agatha; he hadn't paid attention when she mentioned him, but now wishes he had. Basil replies that he's glad he didn't because he still doesn't want Henry to meet Dorian--and right on cue, Basil's butler announces that Mr. Dorian Gray has arrived. Score one for Lord Henry. Basil orders the butler to tell Dorian to wait a few moments. Then he turns to Lord Henry authoritatively, and tries to impart once more how much Dorian means to him. Basil tells Lord Henry that Dorian is his best friend and warns him not to ""influence"" him. Lord Henry just laughs him off, and we have to wonder what his plans are...",Lord Henry Wotton met the painter Basil Hallward in his studio. Hallward had painted a full-length portrait of a young man of extraordinary personal beauty. Lord Henry asked Hallward if he would exhibit the work at the Grosvenor Gallery in London. The painter said he would not send it there.,"Basil Hallward was painting a full-length portrait of a young man of extraordinary personal beauty. Lord Henry Wotton asked why he would not exhibit Dorian Gray's portrait. The artist replied that he was not like the man in the portrait. ""I like to find out people for myself,"" he said.",0.07834602829162132,0.08913043478260868,0.019629225736095966,0.037037037037037035,0.0544069640914037,0.06739130434782609,0.2222222222222222,0.2777777777777778
33,The Brothers Karamazov,45844,59,"The day of Dmitri's trial arrives, and the courtroom is filled with curious visitors from distant parts of the land; the trial has aroused much interest. Besides the gruesome details of parricide that will be discussed, Dmitri is being defended by the celebrated criminal lawyer Fetyukovitch, who has come from Moscow to undertake the defense. And, it is noted, the jury is made up mostly of peasants. Can such country people understand the subtleties of the much-discussed case? Dmitri enters the courtroom exquisitely dressed in a new frock coat. The judge then reads the indictment against him and asks for his plea. Dmitri responds, ""I plead guilty to drunkenness and dissipation . . . to idleness and debauchery . . . but I am not guilty of the death of that old man."" Most of the people in the courtroom, however, even those who are partial to Dmitri, believe that the case against him is a strong one, for much of the evidence and nearly all of the witnesses' statements seem to indicate Dmitri's guilt. Fetyukovitch is an exceptionally skilled trial lawyer. He has grasped all the various aspects of the case, and as Grigory, Rakitin, Captain Snegiryov, the innkeeper from Mokroe, and others are called to testify, he skillfully discredits the testimony of each of them, pointing out inconsistencies in their statements and creating doubts about the integrity of their motives. Later, when three medical experts are called to testify about Dmitri's mental state, each doctor suggests a different cause for Dmitri's behavior. Thus, with the medical evidence so contradictory, there is no firm support for either the prosecution or the defense. There is a minor exception, however; the local doctor, Herzenstube, tells several interesting stories about Dmitri's childhood and creates some new sympathy among the listeners. Alyosha proves to be an asset for his brother because he is well known for his integrity. During his testimony, he is able to recall an incident with Dmitri, one that happened just before the murder. It proves that Dmitri did have a large sum of money on him and that he did not murder Fyodor for the 3,000 rubles. This fact impresses most people and convinces them that Dmitri has not stolen old Karamazov's secret fund. Following Alyosha in the witness stand is Katerina, who tells of Dmitri's saving her father from ruin and then refraining from blackmailing and thereby seducing her. Her story is heard with mixed interest, but Dmitri feels that she need not have told the tale because it is a severe blow to her integrity. Now it is publicly known how thoroughly she has humiliated herself for Dmitri. Grushenka is able to add little to Dmitri's defense except for her passionate outcries that he is innocent. Ivan has not yet testified. His testimony has been postponed because of his illness, but suddenly he appears at the trial. At first he is unable to speak sense. He can give no evidence. Then, as he is about to leave, he turns and shows the court the 3,000 rubles that Smerdyakov gave him. He reveals that Smerdyakov is the murderer and that he allowed the servant to perform the act. He becomes so excited that he says that he has a witness for everything he has said -- a devil who visits him at night. Hysterically, he asserts the truth of his testimony but is finally dragged from the courtroom, screaming incoherently. The trial has one more surprise before it recesses. Katerina reverses her statements and shows the court the letter that Dmitri wrote, stating that he might be forced to kill his father. She defends Ivan because she knows that he is suffering from mental illness. Grushenka then accuses Katerina of being a serpent, and an uproar follows. When order is finally restored, the lawyers give their concluding speeches. Once more, Kirillovitch, the prosecutor, describes the murder and analyzes the members of the Karamazov family, emphasizing Dmitri's passionate and undisciplined personality and reviewing in detail Dmitri's activities and statements during the days preceding the murder. He insists that Dmitri is exactly the sort of man whose violent disposition would drive him to seek a solution to all his problems through crime. Kirillovitch then dismisses Ivan's theory that Smerdyakov is the murderer by pointing out that the servant did not have any of the qualities of a murderer's personality; he had no motive and, further, was incapacitated on the night of the crime. Dmitri, on the other hand, did have a motive -- his hatred for his father -- and he had a great need for money. All this, plus the letter he wrote to Katerina, says the prosecutor, is conclusive proof that the crime was premeditated and was, in fact, committed by Dmitri Karamazov. He concludes by making a stirring appeal to the jury to uphold the sacred principles of justice and the moral foundation on which Russian civilization is built by punishing this most horrible of crimes -- the murder of a father by his son. Fetyukovitch begins his defense by emphasizing that all evidence against Dmitri is circumstantial. No fact withstands objective criticism if examined separately. He also points out that there is no real proof that a robbery took place; the belief that Fyodor kept 3,000 rubles, he says, is based on hearsay, and there is no reason to disbelieve Dmitri's explanation of where the money he spent at Mokroe came from. He also reminds the jury that the letter Dmitri wrote to Katerina was the result of extreme drunkenness and despair and cannot be equated with premeditated murder. Then, after reviewing all the evidence, he makes this final and important point: Fyodor's murder was not that of parricide. The man was never a father to Dmitri, nor was he a father to any of his sons. It is true that Fyodor's sensuousness resulted in Dmitri's birth, but Fyodor was a father in that respect only. After Dmitri was born, Fyodor continually mistreated the boy and from then on neglected all his parental duties. In fact, he abandoned the boy. All his life Dmitri endured mistreatment, and now, if he is convicted, the jury will destroy his only chance to reform and to make a decent life for himself. The lawyer asks for mercy so that Dmitri can be redeemed. He reminds the jury that the end of Russian justice is not to punish. Rather, it is pronounced so that a criminal can be helped toward salvation and regeneration. The audience is overcome with sympathy and enthusiasm and breaks into applause. The jury retires. The general consensus is that Dmitri will surely be acquitted, but such is not the case. When the verdict is read, Dmitri is found guilty on every count.","The trial of Dmitri Karamazov began in our district court at ten o'clock in the morning of the day following the events I have described. I may have selected as of most interest what was of secondary importance, and may have omitted the most prominent and essential details. But I see I shall do my best and the reader will see for himself that I have done all I can.","The trial of Dmitri Karamazov began in our district court. A large proportion--not less than half of the public--were ladies. Almost all the ladies, or, at least, the vast majority of them, were on Mitya's side. The testimony of Katerina Ivanovna made a certain favorable impression on the public.",0.06793703396851698,0.04882154882154883,0.014937759336099586,0.016863406408094438,0.04971002485501243,0.03872053872053872,0.09090909090909091,0.13636363636363635
34,Lord Jim,4750,6,"Marlow ends his story. The men drift off the verandah quietly, without queries or comments about Marlow's incomplete story of a white man who chose to go into a dark, savage jungle in order to regain his self-worth. The question, however, remains: what was the ultimate fate of someone who was ""one of them,"" and yet who was someone who chose to achieve greatness in an alien world, and yet in a world of his own making, a world in which he had accepted enormous responsibility for peace, and for life and death. Only one man of those on the verandah is ever to hear the last of the story. More than two years later, this man received a thick packet, addressed in Marlow's handwriting. It arrived in the midst of a driving rainstorm on a winter's evening. Inside the packet were four separate enclosures: several pages of close handwriting, pinned together; a loose sheet of paper with a few words in handwriting that the man was not familiar with; a letter from Marlow; and another letter, yellow and frayed. The man turned first to Marlow's letter. Marlow tells the man who is reading the letter that he was always reluctant to admit that Jim had indeed ""mastered his fate."" Moreover, Marlow says, you prophesied that one day Jim would feel disgust with the honor which he had acquired in his ""new world."" According to Marlow, this man said long ago that Jim had, in effect, sold his soul for a clean, pure slate that was granted to him by some ""brutes"" -- meaning the brown, and yellow, and black Malay natives. Marlow writes that Jim himself said two years ago that he had no message for ""home""; however, it is clear that Jim did make an attempt to send a ""message."" It is Jim's writing, Marlow says, on the gray sheet of ""foolscap"" paper. Marlow says that one of the first things that Jim did after he, Marlow, left Patusan was to carry out a plan of defense for ""his people."" He had a deep ditch dug and surrounded it with a strong, spiked fence, with Doramin's cannons positioned at its four corners. This fortress was a place of safety, a place where ""every faithful partisan could rally in case of some sudden danger."" Jim called this structure ""The Fort, Patusan."" Those words are on the sheet of foolscap, along with fragments of two messages that Jim had attempted to write: ""An awful thing has happened"" and ""I must now at once . . ."" And then there is a blotch, as if Jim's pen sputtered. In the packet, there is also a letter to Jim from his father, the parson, who writes about what each member of the family is doing. It is a comfortable letter, the father talking easily about faith and virtue and cautioning his son ""not to give way to temptation."" At the moment of ""giving way,"" his father says, one succumbs to ""total depravity and everlasting ruin."" He admonishes Jim never ""to do anything which you believe to be wrong."" The letter arrived just before Jim sailed aboard the Patna. The last document is another letter from Marlow; it is the story of Jim's last days, pieced together from fragments which Marlow learned. It reveals what happened to Jim after Marlow left him on the beach. There is pain in Marlow's words as he writes about Jim's fate. He says that he can scarcely believe that he will never again hear Jim's voice, never see ""his smooth tan-and-pink face . . . the youthful eyes darkened by excitement to a profound, unfathomable blue."" The key figure in Jim's tragic end was named Brown, ""Gentleman Brown,"" as he called himself, even though he had a fierce reputation as an immoral and dangerous buccaneer. Marlow listened to Brown's story as Brown lay dying of asthma in a shack in Bangkok. Jim, Brown said, was nothing more than a ""hollow sham,"" adding that Jim didn't have ""enough devil in him"" to fight like a man. Brown bragged about having made an end of Lord Jim. Later that night, Brown died. Marlow says that he learned even more about Jim when he returned some eight months earlier to see his old friend Stein. At Stein's, he saw a Malay native, one from Patusan. It was Jim's ""morose shadow of darkness,"" his bodyguard, Tamb' Itam. Startled at seeing Marlow, Tamb' Itam. hung his head, and then he blurted out, ""He would not fight. He would not fight."" Marlow found Stein studying his butterfly collection, and Stein asked Marlow to come and talk to Jewel. In particular, he asked Marlow to ask her to forgive Jim. Jewel was sitting in Stein's big reception room, dressed in white. The crystals of Stein's chandelier above her twinkled like icicles. Marlow sensed Jewel's remote, icy despair. Seemingly, she was ""frozen"" with unforgiving anger toward Jim. Despite Jim's promises, he did leave her. He could have fought for his life; he could have fled. But he did neither. He chose, deliberately, to die. Thus, according to Jewel's logic, Jim chose to leave her. ""He was like the others. He was false,"" she says. At this point, Marlow's letter ends, and the story continues on the sheets of paper that Marlow included, piecing together information which he gathered from Brown, from Jewel, and from Tamb' Itam.","The last word of Marlow's story came to him at home, more than two years later. He opened the packet, then, laying it down, went to the window. He saw three distinct enclosures. A loose square sheet of greyish paper traced in a handwriting he had never seen before.","The last word of Marlow's story came to him at home, more than two years later. He opened the packet, looked in, then, laying it down, went to the window. At first he saw three distinct enclosures. A loose square sheet of greyish paper with a few words traced in a handwriting. An explanatory letter from Marlow.",0.07636738906088751,0.09007164790174002,0.028955532574974147,0.038974358974358976,0.05159958720330237,0.061412487205731836,0.043478260869565216,0.08695652173913043
35,Tess of the D'Urbervilles,1655,3,"As Tess leaves Trantridge Cross to return home, her fellow travelers in the van remark about the roses that adorn her appearance, the first time that she is aware of the spectacle she presents to them. Her mother greets Tess excitedly, and Tess shows her a letter written by Mrs. d'Urberville stating that Tess's services would be useful to her in the management of their poultry farm. Tess tells her parents that she would rather stay with them, but she cannot tell them why for she does not know the reason. Later, Alec d'Urberville visits the Durbeyfields to see whether Tess could come to manage the poultry farm. Joan Durbeyfield thinks highly of Alec as a mighty handsome man. John Durbeyfield is convinced that Alec will marry Tess, but Tess tells her father that she does not like having Alec there. Joan Durbeyfield finally prepares for her daughter to leave, assuming that she will marry, for she has been discovering matches for her daughter since she was born.","Tess was given a letter from Mrs d'Urberville, who wanted her to look after a poultry-farm in Blackmoor, near Shaston. When she arrived home she was greeted by her mother, who told her all about the letter and her son's plans for her.","Tess d'Urberville was asked to manage the old lady's fowl-farm. Her father wanted to know if she would be a good girl or not. The young girl wrote, agreeing to be ready to set out on any day on which she might be required.",0.24884792626728114,0.20183486238532108,0.07441860465116279,0.055555555555555546,0.13824884792626727,0.12844036697247707,0.125,0.0
36,Far From the Madding Crowd,2881,4,"Gabriel Oak turns out to be too busy with fair business to escort Bathsheba home as planned, so she decides to drive alone in her cart. Unfortunately, she gets caught leaving by Boldwood, and the man insists on escorting her the whole way home... alone. Hurray. Boldwood is tired of beating around the bush, so he flat out asks Bathsheba if she would ever consider marrying him again. She says she's not really interested, but Boldwood isn't one to take no for an answer. She tells him that the only reason she'd ever marry him would be out of a sense that she owed him something, but she'll never love him. Finally, he gets her to promise him that by Christmas, she'll be able to commit to marrying him, even if it's a six or seven year engagement. As the next few weeks go by, Bathsheba decides that she needs to confide in someone about her dilemma. She talks to Gabriel Oak about it and admits that she'll never love Boldwood. She's afraid that if she refuses him, though, she'll be responsible for driving him literally insane. Oak simply says that it's not fair to marry someone you don't love, but Bathsheba keeps insisting that it's more complicated than that. Bathsheba says she likes talking to Oak about love because it's something he's not an expert in. He tells her, however, that she shouldn't be so sure about this. As she walks away, Bathsheba resents the fact that for all of her romance with Troy and Boldwood, Oak has never once tried to throw his hat back into the ring. Not that she would have accepted him. She just wished she had the opportunity to say no to him. Oh, jeez. Bathsheba is such a diva.",Bathsheba had fallen in with Farmer Boldwood accidentally at the refreshment-tent. She found it impossible to refuse his offer to ride on horseback beside her asescort. They had gone two or three miles in the moonlight across the wending way's which led downwards.,"Bathsheba and Boldwood had fallen in with each other at the refreshment-tent. They were riding together in the moonlight, when Boldwood asked her if she would marry again. ""I am fully persuaded that I shall see him no more,"" she replied.",0.10674157303370788,0.11898016997167139,0.0,0.017094017094017096,0.06179775280898876,0.07365439093484419,0.16666666666666666,0.16666666666666666
37,The Picture of Dorian Gray,5283,7,"Dorian is awoken by Victor, his servant, after having slept until 1:15 in the afternoon. He sees that he has received a letter from Lord Henry, but leaves it unopened. He feels refreshed and eats breakfast happily, the previous night feeling like nothing more than a dream. His pleasant afternoon is interrupted, however, when he sees the screen that he has thrown over the portrait. He thinks himself foolish for imagining that the painting might have changed, but decides to check it again just to make sure. Nervous that he might be acting strangely, he throws Victor out of the room, locks all of the doors, and draws the curtains. Sure enough, ""It was perfectly true. The painting had altered."" He wonders how this could possible, whether there is a scientific explanation, or a darker, metaphysical cause for the change. The cruel expression on the face in the portrait reminds him of his poor treatment of Sibyl. Stricken with guilt, Dorian writes her a passionate love letter, filling ""page after page with wild words of sorrow and wilder words of pain."" Writing the letter is deeply cathartic. As soon as he finishes, Lord Henry arrives. Dorian tells him that although he saw Sibyl and was brutal towards her, he doesn't regret any of it, since ""It has taught me how to know myself better."" Henry is delighted to find Dorian in good spirits, but when the young man tells him that he plans to cleanse his soul by marrying the poor actress, it is clear that there has been a misunderstanding. Sibyl Vane, as Henry had written to Dorian in the unopened letter, has killed herself with poison. Henry says that there will be an inquest, but that Dorian has nothing to worry about since nobody saw him go backstage or leave the theater, and since Sibyl never even told anyone her fiancA's real name. Henry urges Dorian not to get involved with the situation, as such a scandal would destroy his reputation. He asks Dorian to come see the opera with him that night. After his initial shock passes, Dorian responds to the news of Sibyl's death with a strange detachment. ""So I have murdered Sibyl Vane,"" he thinks, ""as surely as if I had cut her little throat with a knife. Yet the roses are not less lovely for all that."" Under Henry's direction, Dorian comes to appreciate Sibyl's death as ""a wonderful ending to a wonderful play."" Dorian is briefly disturbed by his emotional detachment, but Henry soon assuages his guilt, saying that life's tragedies often ""hurt us by...their entire lack of style."" Since Sibyl died so dramatically, and for such a pure purpose as love, the situation is actually one, Henry believes, that Dorian should take satisfaction and pleasure in. Henry goes so far as to state that since the girl was only ever alive on stage, and since Dorian's love for her was rooted in his admiration for the various heroines she portrayed, that ""The girl never really lived, and so she has never really died...don't waste your tears over Sibyl Vane. She was less real than are."" Dorian thanks Henry for being such a good and true friend. Henry leaves, and Dorian again looks at the picture. The mean sneer has not shifted, making Dorian think that it had ""received the news of Sibyl Vane's death before he had known of it himself."" After further contemplation, Dorian consoles himself by thinking that since the picture displays his true character, it must ""bear the burden of his shame,"" thus leaving him to enjoy a guilt-free life. He sees no reason to consider why the picture changes, and decides to allow himself to simply be entertained by its progress. The chapter ends with Dorian leaving to meet Lord Henry at the opera.","Dorian Gray awoke to find his valet had brought him a cup of tea and a pile of letters. The letters were from Lord Henry, and contained invitations to dinner, tickets for private views, programmes of charity concerts, and the like. A sense of having taken part in some strange tragedy came to him once or twice.","Dorian Gray's friend Lord Henry asked him why he could not feel the tragedy as much as he wanted to. ""It often happens that the real tragedies of life occur in such an inartistic manner that they hurt us by their crude violence, their absolute incoherence""",0.08498583569405099,0.08908045977011493,0.008522727272727272,0.017291066282420747,0.056657223796033995,0.05747126436781609,0.14285714285714285,0.14285714285714285
38,Sense and Sensibility,1974,3,"Marianne feeds her sorrow at Willoughby's departure. She is unwilling to eat properly, plays on the piano songs that they had sung together, and reads books they had read together. Willoughby does not write, though Mrs. Dashwood tries to find plausible excuses why he should not. Elinor suggests that Mrs. Dashwood ask Marianne directly if she is engaged, as Marianne has always been closest to her mother, but Mrs. Dashwood refuses on the grounds that such a question would cause Marianne distress. One day, Elinor and Marianne are out walking when they see a man on horseback riding towards them. Marianne is certain that it is Willoughby, but it turns out to be Edward Ferrars. Marianne greets Edward warmly, but is disappointed in the apparent coolness between him and Elinor. Marianne's consternation is reinforced when he reveals that unknown to them, Edward has been in Devon for two weeks, visiting friends near Plymouth. Elinor is annoyed at Edward's reserve, but masters her feelings and treats him politely","Marianne Jennings was distraught by her separation from Willoughby. She spent hours at the pianoforte alternately singing and crying; her voice suspended by her tears. She played every favourite song that she had been used to play to him, and sat at the instrument gazing on every line of music that he had written for her.","Marianne Jennings wept the first night after parting from Willoughby. She played over every favourite song that she had been used to play to him. She spent whole hours at the pianoforte alternately singing and crying. Her mother was surprised, and Elinor became uneasy.",0.21238938053097345,0.16822429906542055,0.008928571428571428,0.018867924528301886,0.1415929203539823,0.11214953271028037,0.1,0.2
39,The School for Scandal,6342,11,"Sir Oliver, along with Rowley, goes to visit Joseph, who is not pleased with the timing of the visit. Sir Oliver is disguised as Mr. Stanley, Joseph's poor relative. Joseph refuses to help Stanley financially, claiming that he has no money, even though Sir Oliver sent him a large sum of money from India. Sir Oliver is angered by this and declares, ""Charles! You are my heir"" as he exits. After ""Mr. Stanley"" leaves, Rowley returns and tells Joseph that his uncle has arrived in town. Joseph asks Rowley to stop Mr. Stanley, but Rowley says he thinks it won't be possible. Joseph is still upset that all this business is happening at such an inopportune time, but he is excited to see his uncle. Scene II takes place at Sir Peter's house. Lady Sneerwell, Mrs. Candour, Sir Benjamin, and eventually Crabtree talk about the rumors surrounding Lady Teazle. The rumors are blown out of proportion as they report to one another that Charles and Sir Peter supposedly dueled with either swords or guns. Lady Sneerwell hides her involvement in the issue somewhat, and leaves the group discussing the rumor. Soon after Lady Sneerwell leaves, Sir Oliver arrives at the house. They believe him to be the doctor, present to tend to Sir Peter's wound from the supposed duel. Sir Oliver tells them he is not a doctor, calling attention to the differences in the stories he is being told--the parties still not agreeing on whether the wound came from a sword or a bullet. Sir Peter then arrives and everyone makes a fuss about him not being wounded after all. The group makes fun of him and he throws them out of his house, telling them he wants neither their jokes nor their pity. Finally, only Sir Oliver remains, and Rowley returns. Sir Oliver tells Sir Peter about his visits with both nephews. Sir Oliver also says that he too has heard the story of Sir Peter, Lady Teazle, Joseph, and Charles, and laughs at his friend. They all laugh together, and Sir Peter laments without much feeling how the gossip will continue to circulate through the papers. Sir Oliver leaves so that Sir Peter can reconcile with his wife. Rowley and Sir Peter discuss how badly Lady Teazle is feeling about what happened and Sir Peter suggests that he might leave her to feel bad for a while instead of going to speak to her. Rowley chides him, and Sir Peter agrees to go make up with her. Lady Sneerwell and Joseph meet to discuss whether Sir Peter will now reconcile with Charles and let him marry Maria. Lady Sneerwell scolds him for ruining the plot. Joseph suggests that if Snake is still faithful to them, it may not be too late. They hear a knocking at the door; Joseph thinks this will be his uncle coming to call, so Lady Sneerwell leaves. Indeed, it is Sir Oliver at the door, but due to Sir Oliver's disguise, Joseph thinks it is Mr. Stanley. Sir Oliver keeps pretending to be Mr. Stanley, saying he wants to meet with Sir Oliver as well in order to get some financial help. Joseph does not want this, and tries to push Mr. Stanley out the door. Charles arrives and thinks Sir Oliver is Mr. Premium. Both Charles and Joseph try to get the man to leave; in the confusion, Sir Peter, Lady Teazle, Maria, and Rowley all come in. Sir Oliver reveals to his nephews who he is, and that he decided to leave his money to Charles. Maria arrives, but she refuses to marry Charles because she heard rumors about a relationship between him and Lady Sneerwell. Snake reveals the truth, and then Maria agrees to marry Charles. The play ends with an epilogue, spoken by Lady Teazle to the audience.",Sir Peter Stanley visits Sir Oliver and Rowley in the library. Sir Oliver's nerves are so weak that the sight of a poor Relation may be too much for him. Sir Peter is a Plague of his Nerves but has a string of charitable Sentiments at his end.,"Sir Oliver and Mr. Rowley meet in the library. Sir Oliver tells Mr. Stanley: 'I wish He, with all my Heart, could have a Friend' Sir Peter asks Lady Teazle to return the diploma she had been granted by the Scandalous College.",0.1093525179856115,0.08430232558139535,0.02886002886002886,0.023323615160349854,0.06906474820143885,0.06395348837209303,0.3157894736842105,0.2631578947368421
